﻿CREATE TABLE almacen (
  idAlmacen SERIAL PRIMARY KEY,
  nombre varchar(45) NOT NULL,
  estado char(1) NOT NULL
);

CREATE TABLE almacenarticulo (
  idAlmacenArticulo SERIAL PRIMARY KEY,
  idAlmacen int NOT NULL,
  idArticulo int NOT NULL,
  stock int NOT NULL,
  stockMinimo int NOT NULL
);

CREATE TABLE articulo (
  idArticulo SERIAL PRIMARY KEY,
  nombre varchar(45) NOT NULL,
  presentacion varchar(45) DEFAULT NULL,
  descripcion varchar(45) DEFAULT NULL,
  stockMinimo int DEFAULT NULL,
  tamanio varchar(45) DEFAULT NULL,
  unidad varchar(45) DEFAULT NULL,
  codigoBarras varchar(45) DEFAULT NULL,
  idCategoria int NULL,
  precioVenta decimal(4,2) NOT NULL,
  estado char(1) DEFAULT NULL
);

CREATE TABLE caja (
  idCaja SERIAL PRIMARY KEY,
  nombre varchar(50) NOT NULL,
  monto decimal(10,2) NOT NULL
);

CREATE TABLE categoria (
  idCategoria SERIAL PRIMARY KEY,
  nombre varchar(45) NOT NULL,
  imagen bytea
);

CREATE TABLE cliente (
  idCliente SERIAL PRIMARY KEY,
  nombre varchar(45) NOT NULL,
  dni char(8) NOT NULL
);

CREATE TABLE compra (
  idCompra SERIAL PRIMARY KEY,
  fecha date NOT NULL,
  monto decimal(10,2) NOT NULL,
  igv decimal(10,2) NOT NULL,
  idOrdenCompra int DEFAULT NULL,
  idProveedor int DEFAULT NULL,
  idUsuario int NOT NULL,
  idMovimientoCaja int DEFAULT NULL,
  estado char(1) NOT NULL,
  factura varchar(20) NOT NULL,
  idMovimiento int DEFAULT NULL
);

CREATE TABLE comprobante (
  idComprobante SERIAL PRIMARY KEY,
  idSerie int NOT NULL,
  numero int NOT NULL,
  nombreCliente varchar(45) DEFAULT NULL,
  fecha date NOT NULL,
  monto decimal(10,2) NOT NULL,
  igv decimal(10,2) NOT NULL,
  idMovimientoCaja int DEFAULT NULL,
  idUsuario int NOT NULL,
  estado char(1) NOT NULL
);

CREATE TABLE detallecompra (
  idDetalleCompra SERIAL PRIMARY KEY,
  idCompra int NOT NULL,
  idAlmacenArticulo int NOT NULL,
  cantidad int NOT NULL,
  precio decimal(10,2) NOT NULL,
  total decimal(10,2) NOT NULL,
  igv decimal(10,2) NOT NULL
);

CREATE TABLE detallecomprobante (
  idDetalleComprobante SERIAL PRIMARY KEY,
  idComprobante int NOT NULL,
  idArticulo int NOT NULL,
  cantidad int NOT NULL,
  precio decimal(10,2) NOT NULL,
  igv decimal(10,2) NOT NULL
);

CREATE TABLE detallemovimiento (
  idDetalleMovimiento SERIAL PRIMARY KEY,
  idMovimiento int NOT NULL,
  idArticulo int NOT NULL,
  cantidad int NOT NULL
);

CREATE TABLE detallemovimientocaja (
  idDetalleMovimientoCaja SERIAL PRIMARY KEY,
  idMovimientoCaja int NOT NULL,
  monto decimal(10,2) NOT NULL,
  descripcion varchar(45) NOT NULL
);

CREATE TABLE detalleordencompra (
  idDetalleOrdenCompra SERIAL PRIMARY KEY,
  idOrdenCompra int NOT NULL,
  idArticulo int NOT NULL,
  cantidad int NOT NULL,
  precio decimal(10,2) NOT NULL,
  total decimal(10,2) NOT NULL
);

CREATE TABLE detalleventa (
  idDetalleVenta SERIAL PRIMARY KEY,
  idVenta int NOT NULL,
  idAlmacenArticulo int NOT NULL,
  cantidad int NOT NULL,
  precio decimal(10,2) NOT NULL,
  descuento decimal(10,2) NOT NULL
);

CREATE TABLE flujocaja (
  idFlujoCaja SERIAL PRIMARY KEY,
  idDetalleMovimientoCaja int NOT NULL,
  idCaja int NOT NULL,
  movimiento char(1) NOT NULL,
  monto float NOT NULL,
  montoBefore float NOT NULL,
  montoAfter float NOT NULL,
  fecha date NOT NULL
);

CREATE TABLE kardex (
  idKardex SERIAL PRIMARY KEY,
  idAlmacenArticulo int NOT NULL,
  movimiento char(1) NOT NULL,
  cantidad int NOT NULL,
  fecha date NOT NULL,
  stockBefore int NOT NULL,
  stockAfter int NOT NULL,
  idDetalleMovimiento int NOT NULL
);

CREATE TABLE lote (
  idLote SERIAL PRIMARY KEY,
  idArticulo int NOT NULL,
  fechaVencimiento date DEFAULT NULL,
  lote date DEFAULT NULL,
  estado char(1) NOT NULL
);

CREATE TABLE movimiento (
  idMovimiento SERIAL PRIMARY KEY,
  idTipoMovimiento int NOT NULL,
  fecha date NOT NULL,
  idAlmacenOrigen int DEFAULT NULL,
  idAlmacenDestino int DEFAULT NULL,
  estado char(1) NOT NULL
);

CREATE TABLE movimientocaja (
  idMovimientoCaja SERIAL PRIMARY KEY,
  idTipoMovimientoCaja int NOT NULL,
  referencia int NOT NULL,
  fecha date NOT NULL,
  monto decimal(10,2) NOT NULL,
  idUsuario int NOT NULL,
  estado char(1) NOT NULL,
  idCajaOrigen int NOT NULL,
  idCajaDestino int NOT NULL
);

CREATE TABLE ordencompra (
  idOrdenCompra SERIAL PRIMARY KEY,
  fecha date NOT NULL,
  monto decimal(10,2) NOT NULL,
  fechaEntrega date DEFAULT NULL,
  idProveedor int NOT NULL,
  idUsuario int NOT NULL,
  estado char(1) NOT NULL
);

CREATE TABLE pago (
  idPago SERIAL PRIMARY KEY,
  idTipoPago int NOT NULL,
  monto decimal(10,2) NOT NULL,
  estado char(1) NOT NULL,
  idComprobante int NOT NULL
);

CREATE TABLE proveedor (
  idProveedor SERIAL PRIMARY KEY,
  nombre varchar(45) NOT NULL,
  preventa varchar(45) DEFAULT NULL,
  mercaderista varchar(45) DEFAULT NULL,
  direccion varchar(45) DEFAULT NULL,
  telefono varchar(45) DEFAULT NULL,
  descripcion varchar(45) DEFAULT NULL
);

CREATE TABLE serie (
  idSerie SERIAL PRIMARY KEY,
  idTipoComprobante int NOT NULL,
  nombre varchar(45) NOT NULL
);

CREATE TABLE tipocomprobante (
  idTipoComprobante SERIAL PRIMARY KEY,
  nombre varchar(45) NOT NULL
);

CREATE TABLE tipomovimiento (
  idTipoMovimiento SERIAL PRIMARY KEY,
  tipo char(1) NOT NULL,
  nombre varchar(45) NOT NULL
);

CREATE TABLE tipomovimientocaja (
  idTipoMovimientoCaja SERIAL PRIMARY KEY,
  descripcion varchar(45) NOT NULL,
  tipo char(1) NOT NULL
);

CREATE TABLE tipopago (
  idTipoPago SERIAL PRIMARY KEY,
  nombre varchar(45) NOT NULL
);

CREATE TABLE tipousuario (
  idtipoUsuario SERIAL PRIMARY KEY,
  nombre varchar(45) NOT NULL,
  p_movimiento int NOT NULL,
  p_venta int NOT NULL,
  p_comprobante int NOT NULL,
  p_ordenCompra int NOT NULL,
  p_compra int NOT NULL,
  p_detalleMovimientoCaja int NOT NULL
);

CREATE TABLE usuario (
  idusuario SERIAL PRIMARY KEY,
  idTipoUsuario int NOT NULL,
  nombre varchar(45) NOT NULL,
  usuario varchar(50) NOT NULL,
  password varchar(32) NOT NULL
);

CREATE TABLE venta (
  idVenta SERIAL PRIMARY KEY,
  fecha date NOT NULL,
  idCliente int DEFAULT NULL,
  monto decimal(10,2) NOT NULL,
  idComprobante int DEFAULT NULL,
  idUsuario int NOT NULL,
  estado char(1) NOT NULL,
  idMovimiento int NOT NULL
);

--claves foraneas

--
-- Filtros para la tabla almacenarticulo
--
ALTER TABLE almacenarticulo
  ADD CONSTRAINT almacenarticulo_ibfk_1 FOREIGN KEY (idAlmacen) REFERENCES almacen (idAlmacen),
  ADD CONSTRAINT almacenarticulo_ibfk_2 FOREIGN KEY (idArticulo) REFERENCES articulo (idArticulo);

--
-- Filtros para la tabla articulo
--
ALTER TABLE articulo
  ADD CONSTRAINT articulo_ibfk_1 FOREIGN KEY (idCategoria) REFERENCES categoria (idCategoria);

--
-- Filtros para la tabla compra
--
ALTER TABLE compra
  ADD CONSTRAINT compra_ibfk_1 FOREIGN KEY (idOrdenCompra) REFERENCES ordencompra (idOrdenCompra),
  ADD CONSTRAINT compra_ibfk_2 FOREIGN KEY (idProveedor) REFERENCES proveedor (idProveedor),
  ADD CONSTRAINT compra_ibfk_3 FOREIGN KEY (idUsuario) REFERENCES usuario (idusuario),
  ADD CONSTRAINT compra_ibfk_4 FOREIGN KEY (idMovimientoCaja) REFERENCES movimientocaja (idMovimientoCaja),
  ADD CONSTRAINT compra_ibfk_5 FOREIGN KEY (idMovimiento) REFERENCES movimiento (idMovimiento);

--
-- Filtros para la tabla comprobante
--
ALTER TABLE comprobante
  ADD CONSTRAINT comprobante_ibfk_1 FOREIGN KEY (idSerie) REFERENCES serie (idSerie),
  ADD CONSTRAINT comprobante_ibfk_2 FOREIGN KEY (idUsuario) REFERENCES usuario (idusuario),
  ADD CONSTRAINT comprobante_ibfk_3 FOREIGN KEY (idMovimientoCaja) REFERENCES movimientocaja (idMovimientoCaja);

--
-- Filtros para la tabla detallecompra
--
ALTER TABLE detallecompra
  ADD CONSTRAINT detallecompra_ibfk_1 FOREIGN KEY (idAlmacenArticulo) REFERENCES almacenarticulo (idAlmacenArticulo),
  ADD CONSTRAINT detallecompra_ibfk_2 FOREIGN KEY (idCompra) REFERENCES compra (idCompra);

--
-- Filtros para la tabla detallecomprobante
--
ALTER TABLE detallecomprobante
  ADD CONSTRAINT detallecomprobante_ibfk_1 FOREIGN KEY (idArticulo) REFERENCES articulo (idArticulo),
  ADD CONSTRAINT detallecomprobante_ibfk_2 FOREIGN KEY (idComprobante) REFERENCES comprobante (idComprobante);

--
-- Filtros para la tabla detallemovimiento
--
ALTER TABLE detallemovimiento
  ADD CONSTRAINT detallemovimiento_ibfk_1 FOREIGN KEY (idMovimiento) REFERENCES movimiento (idMovimiento),
  ADD CONSTRAINT detallemovimiento_ibfk_2 FOREIGN KEY (idArticulo) REFERENCES articulo (idArticulo);

--
-- Filtros para la tabla detallemovimientocaja
--
ALTER TABLE detallemovimientocaja
  ADD CONSTRAINT detallemovimientocaja_ibfk_1 FOREIGN KEY (idMovimientoCaja) REFERENCES movimientocaja (idMovimientoCaja);

--
-- Filtros para la tabla detalleordencompra
--
ALTER TABLE detalleordencompra
  ADD CONSTRAINT detalleordencompra_ibfk_1 FOREIGN KEY (idArticulo) REFERENCES articulo (idArticulo),
  ADD CONSTRAINT detalleordencompra_ibfk_2 FOREIGN KEY (idOrdenCompra) REFERENCES ordencompra (idOrdenCompra);

--
-- Filtros para la tabla detalleventa
--
ALTER TABLE detalleventa
  ADD CONSTRAINT detalleventa_ibfk_1 FOREIGN KEY (idVenta) REFERENCES venta (idVenta),
  ADD CONSTRAINT detalleventa_ibfk_2 FOREIGN KEY (idAlmacenArticulo) REFERENCES almacenarticulo (idAlmacenArticulo);

--
-- Filtros para la tabla flujocaja
--
ALTER TABLE flujocaja
  ADD CONSTRAINT flujocaja_ibfk_1 FOREIGN KEY (idDetalleMovimientoCaja) REFERENCES detallemovimientocaja (idDetalleMovimientoCaja),
  ADD CONSTRAINT flujocaja_ibfk_2 FOREIGN KEY (idCaja) REFERENCES caja (idCaja);

--
-- Filtros para la tabla kardex
--
ALTER TABLE kardex
  ADD CONSTRAINT fg_id_detallemovimiento FOREIGN KEY (idDetalleMovimiento) REFERENCES detallemovimiento (idDetalleMovimiento),
  ADD CONSTRAINT kardex_ibfk_1 FOREIGN KEY (idAlmacenArticulo) REFERENCES almacenarticulo (idAlmacenArticulo);

--
-- Filtros para la tabla lote
--
ALTER TABLE lote
  ADD CONSTRAINT lote_ibfk_1 FOREIGN KEY (idArticulo) REFERENCES articulo (idArticulo);

--
-- Filtros para la tabla movimiento
--
ALTER TABLE movimiento
  ADD CONSTRAINT movimiento_ibfk_1 FOREIGN KEY (idAlmacenOrigen) REFERENCES almacen (idAlmacen),
  ADD CONSTRAINT movimiento_ibfk_2 FOREIGN KEY (idAlmacenDestino) REFERENCES almacen (idAlmacen),
  ADD CONSTRAINT movimiento_ibfk_3 FOREIGN KEY (idTipoMovimiento) REFERENCES tipomovimiento (idTipoMovimiento);

--
-- Filtros para la tabla movimientocaja
--
ALTER TABLE movimientocaja
  ADD CONSTRAINT movimientocaja_ibfk_1 FOREIGN KEY (idTipoMovimientoCaja) REFERENCES tipomovimientocaja (idTipoMovimientoCaja),
  ADD CONSTRAINT movimientocaja_ibfk_2 FOREIGN KEY (idUsuario) REFERENCES usuario (idusuario),
  ADD CONSTRAINT movimientocaja_ibfk_3 FOREIGN KEY (idCajaOrigen) REFERENCES caja (idCaja),
  ADD CONSTRAINT movimientocaja_ibfk_4 FOREIGN KEY (idCajaDestino) REFERENCES caja (idCaja);

--
-- Filtros para la tabla ordencompra
--
ALTER TABLE ordencompra
  ADD CONSTRAINT ordencompra_ibfk_1 FOREIGN KEY (idProveedor) REFERENCES proveedor (idProveedor),
  ADD CONSTRAINT ordencompra_ibfk_2 FOREIGN KEY (idUsuario) REFERENCES usuario (idusuario);

--
-- Filtros para la tabla pago
--
ALTER TABLE pago
  ADD CONSTRAINT pago_ibfk_1 FOREIGN KEY (idTipoPago) REFERENCES tipopago (idTipoPago),
  ADD CONSTRAINT pago_ibfk_2 FOREIGN KEY (idComprobante) REFERENCES comprobante (idComprobante);

--
-- Filtros para la tabla serie
--
ALTER TABLE serie
  ADD CONSTRAINT serie_ibfk_1 FOREIGN KEY (idTipoComprobante) REFERENCES tipocomprobante (idTipoComprobante);

--
-- Filtros para la tabla usuario
--
ALTER TABLE usuario
  ADD CONSTRAINT usuario_ibfk_1 FOREIGN KEY (idTipoUsuario) REFERENCES tipousuario (idtipoUsuario);

--
-- Filtros para la tabla venta
--
ALTER TABLE venta
  ADD CONSTRAINT venta_ibfk_1 FOREIGN KEY (idCliente) REFERENCES cliente (idCliente),
  ADD CONSTRAINT venta_ibfk_2 FOREIGN KEY (idComprobante) REFERENCES comprobante (idComprobante),
  ADD CONSTRAINT venta_ibfk_3 FOREIGN KEY (idUsuario) REFERENCES usuario (idusuario),
  ADD CONSTRAINT venta_ibfk_4 FOREIGN KEY (idMovimiento) REFERENCES movimiento (idMovimiento);

--volcado de datos

--
-- Tabla almacen
--
INSERT INTO almacen (idAlmacen, nombre, estado) VALUES
(0000000001, 'Principal', '0'),
(0000000002, 'Tienda 2', '0');

--
-- Tabla categoria
--
INSERT INTO categoria (idCategoria, nombre) VALUES 
(0000000001, 'Limpieza'),
(0000000002, 'Bebidas'),
(0000000003, 'Lácteos'),
(0000000004, 'Golosinas'),
(0000000005, 'Licores'),
(0000000006, 'Aseo Personal'),
(0000000007, 'Abarrotes'),
(0000000008, 'Aguas'),
(0000000009, 'Baterias'),
(0000000010, 'Cereales'),
(0000000011, 'Desayuno'),
(0000000012, 'Filtrantes'),
(0000000013, 'Snacks'),
(0000000014, 'Velas');

--
-- Tabla articulo
--
INSERT INTO articulo (idArticulo, nombre, presentacion, descripcion, stockMinimo, tamanio, unidad, codigoBarras, idCategoria, precioVenta, estado) VALUES
(0000000001, 'Gaseosa Coca Cola 1.5 L', 'botella', 'Bebida gasificada saborizada', 5, '1.5', 'Litro', '123456789', 0000000002, 5.20, 'A'),
(0000000002, 'Jabón líquido', 'botella 1/2 litro', 'Sapolio hogar', 5, '1', 'Botella', '123456788', 0000000001, 2.40, 'A'),
(0000000003, 'Jabón líquido', 'botella 1 litro', 'Sapolio hogar', 5, '1', 'Botella', '123456787', 0000000001, 2.40, 'A'),
(0000000004, 'Don Victorio Canuto Rayado 250 g', 'bolsa', '', NULL, NULL, '', NULL, 0000000007, 1.20, 'A'),
(0000000005, 'Don Victorio Corbata Grande 250 g', 'bolsa', '', NULL, NULL, '', NULL, 0000000007, 1.20, 'A'),
(0000000006, 'Don Victorio Corbata Mediana 250 g', 'bolsa', '', NULL, NULL, '', NULL, 0000000007, 1.20, 'A'),
(0000000007, 'Don Victorio Lingúini gosso 500 g', 'bolsa', '', NULL, NULL, '', NULL, 0000000007, 2.30, 'A'),
(0000000008, 'Don Victorio Spaguetti 500 g', 'bolsa', '', NULL, NULL, '', NULL, 0000000007, 2.30, 'A'),
(0000000009, 'Molitalia Canuto 250 g', 'bolsa', '', NULL, NULL, '', NULL, 0000000007, 1.10, 'A'),
(0000000010, 'Molitalia Tallarin 500 g', 'bolsa', '', NULL, NULL, '', NULL, 0000000007, 2.20, 'A'),
(0000000011, 'Sayón Canuto Rallado 250 g', 'bolsa', '', NULL, NULL, '', NULL, 0000000007, 1.00, 'A'),
(0000000012, 'Sayón Codito 250 g', 'bolsa', '', NULL, NULL, '', NULL, 0000000007, 1.00, 'A'),
(0000000013, 'Sayón Corbata 250 g', 'bolsa', '', NULL, NULL, '', NULL, 0000000007, 1.00, 'A'),
(0000000014, 'Sayón Tallarín 500 g', 'bidón', '', NULL, NULL, '', NULL, 0000000007, 1.90, 'A'),
(0000000015, 'Capri 1 L', 'botella', '', NULL, NULL, '', NULL, 0000000007, 6.70, 'A'),
(0000000016, 'Capri 1.5 L', 'botella', '', NULL, NULL, '', NULL, 0000000007, 3.70, 'A'),
(0000000017, 'Capri 5 L', 'bidón', '', NULL, NULL, '', NULL, 0000000007, 29.00, 'A'),
(0000000018, 'Cil 1 L', 'botella', '', NULL, NULL, '', NULL, 0000000007, 6.70, 'A'),
(0000000019, 'Cil 200 ml', 'botella', '', NULL, NULL, '', NULL, 0000000007, 1.70, 'A'),
(0000000020, 'Cil 5 L', 'bidón', '', NULL, NULL, '', NULL, 0000000007, 28.50, 'A'),
(0000000021, 'Cil 500 ml', 'botella', '', NULL, NULL, '', NULL, 0000000007, 3.50, 'A'),
(0000000022, 'Cocinero 1 L', 'botella', '', NULL, NULL, '', NULL, 0000000007, 6.70, 'A'),
(0000000023, 'Cocinero 5 L', 'bidón', '', NULL, NULL, '', NULL, 0000000007, 27.50, 'A'),
(0000000024, 'Cocinero 500 ml', 'botella', '', NULL, NULL, '', NULL, 0000000007, 3.50, 'A'),
(0000000025, 'Cristalino 1 L', 'botella', '', NULL, NULL, '', NULL, 0000000007, 6.70, 'A'),
(0000000026, 'Cristalino 200 ml', 'botella', '', NULL, NULL, '', NULL, 0000000007, 1.70, 'A'),
(0000000027, 'Cristalino 500 ml', 'botella', '', NULL, NULL, '', NULL, 0000000007, 3.50, 'A'),
(0000000028, 'Friol 1 L', 'botella', '', NULL, NULL, '', NULL, 0000000007, 6.50, 'A'),
(0000000029, 'Friol 200 ml', 'botella', '', NULL, NULL, '', NULL, 0000000007, 1.50, 'A'),
(0000000030, 'Friol 5 L', 'bidón', '', NULL, NULL, '', NULL, 0000000007, 27.50, 'A'),
(0000000031, 'Friol 500 ml', 'botella', '', NULL, NULL, '', NULL, 0000000007, 3.40, 'A'),
(0000000032, 'Ideal 1L', 'botella', '', NULL, NULL, '', NULL, 0000000007, 6.80, 'A'),
(0000000033, 'Ideal 200 ml', 'botella', '', NULL, NULL, '', NULL, 0000000007, 2.00, 'A'),
(0000000034, 'Ideal 500 ml', 'botella', '', NULL, NULL, '', NULL, 0000000007, 3.80, 'A'),
(0000000035, 'Primor Clásico 1 L', 'botella', '', NULL, NULL, '', NULL, 0000000007, 7.00, 'A'),
(0000000036, 'Primor Clásico 5 L', 'bidón', '', NULL, NULL, '', NULL, 0000000007, 30.00, 'A'),
(0000000037, 'Primor Clásico 500 ml', 'botella', '', NULL, NULL, '', NULL, 0000000007, 3.80, 'A'),
(0000000038, 'Primor Premium 1 L', 'botella', '', NULL, NULL, '', NULL, 0000000007, 7.40, 'A'),
(0000000039, 'Primor Premium 500 ml', 'botella', '', NULL, NULL, '', NULL, 0000000007, 3.90, 'A'),
(0000000040, 'Sao 1 L', 'botella', '', NULL, NULL, '', NULL, 0000000007, 6.00, 'A'),
(0000000041, 'Sao 200 ml', 'botella', '', NULL, NULL, '', NULL, 0000000007, 1.70, 'A'),
(0000000042, 'Sao 500 ml', 'botella', '', NULL, NULL, '', NULL, 0000000007, 3.30, 'A'),
(0000000043, 'Tondero 1 L', 'botella', '', NULL, NULL, '', NULL, 0000000007, 5.50, 'A'),
(0000000044, 'Tondero 500 ml', 'botella', '', NULL, NULL, '', NULL, 0000000007, 3.00, 'A'),
(0000000045, 'graté de atún florida 165 g', 'lata', '', NULL, NULL, '', NULL, 0000000007, 2.50, 'A'),
(0000000046, 'filete de atún florida 170 g', 'lata', '', NULL, NULL, '', NULL, 0000000007, 5.50, 'A'),
(0000000047, 'filete de atún gloria 170 g', 'lata', '', NULL, NULL, '', NULL, 0000000007, 5.50, 'A'),
(0000000048, 'sardinas en salsa de tomate real 425 g', 'lata', '', NULL, NULL, '', NULL, 0000000007, 7.00, 'A'),
(0000000049, 'filete de atún compass 170 g', 'lata', '', NULL, NULL, '', NULL, 0000000007, 5.50, 'A'),
(0000000050, 'graté de sardina gloria 170 g', 'lata', '', NULL, NULL, '', NULL, 0000000007, 2.50, 'A'),
(0000000051, 'trozos de atún monteverde 170 g', 'lata', '', NULL, NULL, '', NULL, 0000000007, 4.50, 'A'),
(0000000052, 'atún desmenuzado antartic 170 g', 'lata', '', NULL, NULL, '', NULL, 0000000007, 2.80, 'A'),
(0000000053, 'filete de atún marinero 170 g', 'lata', '', NULL, NULL, '', NULL, 0000000007, 4.50, 'A'),
(0000000054, 'salsa molitalia pomarola 160 g', 'sachet', '', NULL, NULL, '', NULL, 0000000007, 1.80, 'A'),
(0000000055, 'salsa completa don vittorio 200 g', 'sachet', '', NULL, NULL, '', NULL, 0000000007, 1.80, 'A'),
(0000000056, 'mayonesa alacena 500 ml', 'sachet', '', NULL, NULL, '', NULL, 0000000007, 7.80, 'A'),
(0000000057, 'mayonesa alacena 200 ml', 'sachet', '', NULL, NULL, '', NULL, 0000000007, 4.20, 'A'),
(0000000058, 'mayonesa alacena 115 ml', 'sachet', '', NULL, NULL, '', NULL, 0000000007, 2.20, 'A'),
(0000000059, 'ketchup alacena 100 g', 'sachet', '', NULL, NULL, '', NULL, 0000000007, 1.80, 'A'),
(0000000060, 'rocoto molido alacena 100 ml', 'sachet', '', NULL, NULL, '', NULL, 0000000007, 1.80, 'A'),
(0000000061, 'crema de ají tarí 85 g', 'sachet', '', NULL, NULL, '', NULL, 0000000007, 2.00, 'A'),
(0000000062, 'Don Victorio Canuto Rayado 250 g', 'bolsa', '', NULL, NULL, '', NULL, 0000000007, 1.20, 'A'),
(0000000063, 'Don Victorio Corbata Grande 250 g', 'bolsa', '', NULL, NULL, '', NULL, 0000000007, 1.20, 'A'),
(0000000064, 'Don Victorio Corbata Mediana 250 g', 'bolsa', '', NULL, NULL, '', NULL, 0000000007, 1.20, 'A'),
(0000000065, 'Don Victorio Lingúini gosso 500 g', 'bolsa', '', NULL, NULL, '', NULL, 0000000007, 2.30, 'A'),
(0000000066, 'Don Victorio Spaguetti 500 g', 'bolsa', '', NULL, NULL, '', NULL, 0000000007, 2.30, 'A'),
(0000000067, 'Molitalia Canuto 250 g', 'bolsa', '', NULL, NULL, '', NULL, 0000000007, 1.10, 'A'),
(0000000068, 'Molitalia Tallarin 500 g', 'bolsa', '', NULL, NULL, '', NULL, 0000000007, 2.20, 'A'),
(0000000069, 'Sayón Canuto Rallado 250 g', 'bolsa', '', NULL, NULL, '', NULL, 0000000007, 1.00, 'A'),
(0000000070, 'Sayón Codito 250 g', 'bolsa', '', NULL, NULL, '', NULL, 0000000007, 1.00, 'A'),
(0000000071, 'Sayón Corbata 250 g', 'bolsa', '', NULL, NULL, '', NULL, 0000000007, 1.00, 'A'),
(0000000072, 'Sayón Tallarín 500 g', 'bidón', '', NULL, NULL, '', NULL, 0000000007, 1.90, 'A'),
(0000000073, 'Capri 1 L', 'botella', '', NULL, NULL, '', NULL, 0000000007, 6.70, 'A'),
(0000000074, 'Capri 1.5 L', 'botella', '', NULL, NULL, '', NULL, 0000000007, 3.70, 'A'),
(0000000075, 'Capri 5 L', 'bidón', '', NULL, NULL, '', NULL, 0000000007, 29.00, 'A'),
(0000000076, 'Cil 1 L', 'botella', '', NULL, NULL, '', NULL, 0000000007, 6.70, 'A'),
(0000000077, 'Cil 200 ml', 'botella', '', NULL, NULL, '', NULL, 0000000007, 1.70, 'A'),
(0000000078, 'Cil 5 L', 'bidón', '', NULL, NULL, '', NULL, 0000000007, 28.50, 'A'),
(0000000079, 'Cil 500 ml', 'botella', '', NULL, NULL, '', NULL, 0000000007, 3.50, 'A'),
(0000000080, 'Cocinero 1 L', 'botella', '', NULL, NULL, '', NULL, 0000000007, 6.70, 'A'),
(0000000081, 'Cocinero 5 L', 'bidón', '', NULL, NULL, '', NULL, 0000000007, 27.50, 'A'),
(0000000082, 'Cocinero 500 ml', 'botella', '', NULL, NULL, '', NULL, 0000000007, 3.50, 'A'),
(0000000083, 'Cristalino 1 L', 'botella', '', NULL, NULL, '', NULL, 0000000007, 6.70, 'A'),
(0000000084, 'Cristalino 200 ml', 'botella', '', NULL, NULL, '', NULL, 0000000007, 1.70, 'A'),
(0000000085, 'Cristalino 500 ml', 'botella', '', NULL, NULL, '', NULL, 0000000007, 3.50, 'A'),
(0000000086, 'Friol 1 L', 'botella', '', NULL, NULL, '', NULL, 0000000007, 6.50, 'A'),
(0000000087, 'Friol 200 ml', 'botella', '', NULL, NULL, '', NULL, 0000000007, 1.50, 'A'),
(0000000088, 'Friol 5 L', 'bidón', '', NULL, NULL, '', NULL, 0000000007, 27.50, 'A'),
(0000000089, 'Friol 500 ml', 'botella', '', NULL, NULL, '', NULL, 0000000007, 3.40, 'A'),
(0000000090, 'Ideal 1L', 'botella', '', NULL, NULL, '', NULL, 0000000007, 6.80, 'A'),
(0000000091, 'Ideal 200 ml', 'botella', '', NULL, NULL, '', NULL, 0000000007, 2.00, 'A'),
(0000000092, 'Ideal 500 ml', 'botella', '', NULL, NULL, '', NULL, 0000000007, 3.80, 'A'),
(0000000093, 'Primor Clásico 1 L', 'botella', '', NULL, NULL, '', NULL, 0000000007, 7.00, 'A'),
(0000000094, 'Primor Clásico 5 L', 'bidón', '', NULL, NULL, '', NULL, 0000000007, 30.00, 'A'),
(0000000095, 'Primor Clásico 500 ml', 'botella', '', NULL, NULL, '', NULL, 0000000007, 3.80, 'A'),
(0000000096, 'Primor Premium 1 L', 'botella', '', NULL, NULL, '', NULL, 0000000007, 7.40, 'A'),
(0000000097, 'Primor Premium 500 ml', 'botella', '', NULL, NULL, '', NULL, 0000000007, 3.90, 'A'),
(0000000098, 'Sao 1 L', 'botella', '', NULL, NULL, '', NULL, 0000000007, 6.00, 'A'),
(0000000099, 'Sao 200 ml', 'botella', '', NULL, NULL, '', NULL, 0000000007, 1.70, 'A'),
(0000000100, 'Sao 500 ml', 'botella', '', NULL, NULL, '', NULL, 0000000007, 3.30, 'A'),
(0000000101, 'Tondero 1 L', 'botella', '', NULL, NULL, '', NULL, 0000000007, 5.50, 'A'),
(0000000102, 'Tondero 500 ml', 'botella', '', NULL, NULL, '', NULL, 0000000007, 3.00, 'A'),
(0000000103, 'graté de atún florida 165 g', 'lata', '', NULL, NULL, '', NULL, 0000000007, 2.50, 'A'),
(0000000104, 'filete de atún florida 170 g', 'lata', '', NULL, NULL, '', NULL, 0000000007, 5.50, 'A'),
(0000000105, 'filete de atún gloria 170 g', 'lata', '', NULL, NULL, '', NULL, 0000000007, 5.50, 'A'),
(0000000106, 'sardinas en salsa de tomate real 425 g', 'lata', '', NULL, NULL, '', NULL, 0000000007, 7.00, 'A'),
(0000000107, 'filete de atún compass 170 g', 'lata', '', NULL, NULL, '', NULL, 0000000007, 5.50, 'A'),
(0000000108, 'graté de sardina gloria 170 g', 'lata', '', NULL, NULL, '', NULL, 0000000007, 2.50, 'A'),
(0000000109, 'trozos de atún monteverde 170 g', 'lata', '', NULL, NULL, '', NULL, 0000000007, 4.50, 'A'),
(0000000110, 'atún desmenuzado antartic 170 g', 'lata', '', NULL, NULL, '', NULL, 0000000007, 2.80, 'A'),
(0000000111, 'filete de atún marinero 170 g', 'lata', '', NULL, NULL, '', NULL, 0000000007, 4.50, 'A'),
(0000000112, 'salsa molitalia pomarola 160 g', 'sachet', '', NULL, NULL, '', NULL, 0000000007, 1.80, 'A'),
(0000000113, 'salsa completa don vittorio 200 g', 'sachet', '', NULL, NULL, '', NULL, 0000000007, 1.80, 'A'),
(0000000114, 'mayonesa alacena 500 ml', 'sachet', '', NULL, NULL, '', NULL, 0000000007, 7.80, 'A'),
(0000000115, 'mayonesa alacena 200 ml', 'sachet', '', NULL, NULL, '', NULL, 0000000007, 4.20, 'A'),
(0000000116, 'mayonesa alacena 115 ml', 'sachet', '', NULL, NULL, '', NULL, 0000000007, 2.20, 'A'),
(0000000117, 'ketchup alacena 100 g', 'sachet', '', NULL, NULL, '', NULL, 0000000007, 1.80, 'A'),
(0000000118, 'rocoto molido alacena 100 ml', 'sachet', '', NULL, NULL, '', NULL, 0000000007, 1.80, 'A'),
(0000000119, 'crema de ají tarí 85 g', 'sachet', '', NULL, NULL, '', NULL, 0000000007, 2.00, 'A'),
(0000000120, 'mostaza libbys 100 g', 'sachet', '', NULL, NULL, '', NULL, 0000000007, 1.80, 'A'),
(0000000121, 'ketchup B&D 100 g', 'sachet', '', NULL, NULL, '', NULL, 0000000007, 1.40, 'A'),
(0000000122, 'sopa instantánea ajinomen pollo 86 g', 'bolsa', '', NULL, NULL, '', NULL, 0000000007, 1.00, 'A'),
(0000000123, 'sopa instantánea ajinomen gallina 86 g', 'bolsa', '', NULL, NULL, '', NULL, 0000000007, 1.00, 'A'),
(0000000124, 'sopa instantánea ajinomen gallina picante 86 ', 'bolsa', '', NULL, NULL, '', NULL, 0000000007, 1.00, 'A'),
(0000000125, 'sopa instantánea ajinomen carne 86 g', 'bolsa', '', NULL, NULL, '', NULL, 0000000007, 1.00, 'A'),
(0000000126, 'sopa instantánea ajinomen oriental 86 g', 'bolsa', '', NULL, NULL, '', NULL, 0000000007, 1.00, 'A'),
(0000000127, 'mezcla para apanar maggie 80 g', 'bolsa', '', NULL, NULL, '', NULL, 0000000007, 1.50, 'A'),
(0000000128, 'harina favorita cocinera  180 g', 'bolsa', '', NULL, NULL, '', NULL, 0000000007, 0.70, 'A'),
(0000000129, 'sémola molitalia 200 g', 'bolsa', '', NULL, NULL, '', NULL, 0000000007, 1.20, 'A'),
(0000000130, 'sal yodada de mesa marina 1 Kg', 'bolsa', '', NULL, NULL, '', NULL, 0000000007, 1.10, 'A'),
(0000000131, 'harina espiga de oro 1 Kg', 'bolsa', '', NULL, NULL, '', NULL, 0000000007, 4.80, 'A'),
(0000000132, 'harina blanca flor 1 Kg', 'bolsa', '', NULL, NULL, '', NULL, 0000000007, 5.80, 'A'),
(0000000133, 'vinagre del firme blanco 1 L', 'sachet', '', NULL, NULL, '', NULL, 0000000007, 3.00, 'A'),
(0000000134, 'vinagre del firme tinto 1 L', 'sachet', '', NULL, NULL, '', NULL, 0000000007, 3.00, 'A'),
(0000000135, 'vinagre compass blanco 1 L', 'botella', '', NULL, NULL, '', NULL, 0000000007, 2.50, 'A'),
(0000000136, 'vinagre compass tinto 1 L', 'botella', '', NULL, NULL, '', NULL, 0000000007, 2.50, 'A'),
(0000000137, 'sillao tito 500 ml', 'botella', '', NULL, NULL, '', NULL, 0000000007, 2.50, 'A'),
(0000000138, 'sillao tito 150 ml', 'botella', '', NULL, NULL, '', NULL, 0000000007, 1.00, 'A'),
(0000000139, 'maizena duryea 100 g', 'caja', '', NULL, NULL, '', NULL, 0000000007, 1.30, 'A'),
(0000000140, 'gelatina negrita piña 180 g', 'bolsa', '', NULL, NULL, '', NULL, 0000000007, 2.80, 'A'),
(0000000141, 'gelatina negrita fresa 180 g', 'bolsa', '', NULL, NULL, '', NULL, 0000000007, 2.80, 'A'),
(0000000142, 'gelatina negrita naranja 180 g', 'bolsa', '', NULL, NULL, '', NULL, 0000000007, 2.80, 'A'),
(0000000143, 'gelatina negrita piña 80 g', 'bolsa', '', NULL, NULL, '', NULL, 0000000007, 1.50, 'A'),
(0000000144, 'gelatina negrita fresa 80 g', 'bolsa', '', NULL, NULL, '', NULL, 0000000007, 1.50, 'A'),
(0000000145, 'gelatina negrita naranja 80 g', 'bolsa', '', NULL, NULL, '', NULL, 0000000007, 1.50, 'A'),
(0000000146, 'gelatina royal fresa 180 g', 'bolsa', '', NULL, NULL, '', NULL, 0000000007, 3.20, 'A'),
(0000000147, 'gelatina royal naranja 180 g', 'bolsa', '', NULL, NULL, '', NULL, 0000000007, 3.20, 'A'),
(0000000148, 'gelatina royal piña 180 g', 'bolsa', '', NULL, NULL, '', NULL, 0000000007, 3.20, 'A'),
(0000000149, 'gelatina royal limón 180 g', 'bolsa', '', NULL, NULL, '', NULL, 0000000007, 3.20, 'A'),
(0000000150, 'mazamorra negrita 170 g', 'bolsa', '', NULL, NULL, '', NULL, 0000000007, 2.50, 'A'),
(0000000151, 'flan royal chocolate 80 g', 'bolsa', '', NULL, NULL, '', NULL, 0000000007, 2.20, 'A'),
(0000000152, 'flan royal vainilla 80 g', 'bolsa', '', NULL, NULL, '', NULL, 0000000007, 2.20, 'A'),
(0000000153, 'flan royal manjar 80 g', 'bolsa', '', NULL, NULL, '', NULL, 0000000007, 2.20, 'A'),
(0000000154, 'pudín royal xxx g', 'bolsa', '', NULL, NULL, '', NULL, 0000000007, 3.00, 'A'),
(0000000155, 'polvo de hornear universal 25 g', 'bolsa', '', NULL, NULL, '', NULL, 0000000007, 1.00, 'A'),
(0000000156, 'colapiz universal 20 g', 'bolsa', '', NULL, NULL, '', NULL, 0000000007, 1.70, 'A'),
(0000000157, 'manjar blanco bonlé 200 g', 'bolsa', '', NULL, NULL, '', NULL, 0000000007, 2.80, 'A'),
(0000000158, 'manjar blanco nestlé 200 g', 'bolsa', '', NULL, NULL, '', NULL, 0000000007, 3.50, 'A'),
(0000000159, 'esencia de vainilla negrita 30 ml', 'botella', '', NULL, NULL, '', NULL, 0000000007, 0.60, 'A'),
(0000000160, 'esencia de vainilla negrita 90 ml', 'botella', '', NULL, NULL, '', NULL, 0000000007, 1.00, 'A'),
(0000000161, 'Café tostado y molido cafetal 50 g', 'sobre', '', NULL, NULL, '', NULL, 0000000007, 1.80, 'A'),
(0000000162, 'café para pasar altomayo 50 g', 'sobre', '', NULL, NULL, '', NULL, 0000000007, 1.50, 'A'),
(0000000163, 'refrescos negrita maracuyá 15 g', 'sobre', '', NULL, NULL, '', NULL, 0000000007, 0.80, 'A'),
(0000000164, 'refrescos negrita naranja 15 g', 'sobre', '', NULL, NULL, '', NULL, 0000000007, 0.80, 'A'),
(0000000165, 'refrescos negrita granadilla 15 g', 'sobre', '', NULL, NULL, '', NULL, 0000000007, 0.80, 'A'),
(0000000166, 'refrescos negrita chicha morada 15 g', 'sobre', '', NULL, NULL, '', NULL, 0000000007, 0.80, 'A'),
(0000000167, 'frutísimos negrita chicha morada 35 g', 'sobre', '', NULL, NULL, '', NULL, 0000000007, 1.00, 'A'),
(0000000168, 'mermelada gloria fresa 100 g', 'sachet', '', NULL, NULL, '', NULL, 0000000007, 1.20, 'A'),
(0000000169, 'duraznos en mitades monteverde 820 g', 'lata', '', NULL, NULL, '', NULL, 0000000007, 8.00, 'A'),
(0000000170, 'duraznos en mitades fanny 820 g', 'lata', '', NULL, NULL, '', NULL, 0000000007, 8.50, 'A'),
(0000000171, 'duraznos en mitades dos caballos 820 g', 'lata', '', NULL, NULL, '', NULL, 0000000007, 8.50, 'A'),
(0000000172, 'duraznos en mitades aconcagua 820 g', 'lata', '', NULL, NULL, '', NULL, 0000000007, 8.20, 'A'),
(0000000173, 'piña en rodajas florida 560 g', 'lata', '', NULL, NULL, '', NULL, 0000000007, 4.50, 'A'),
(0000000174, 'coctel de frutas florida 820 g', 'lata', '', NULL, NULL, '', NULL, 0000000007, 9.20, 'A'),
(0000000175, 'agua Cielo Con Gas 625 ml', 'botella', '', NULL, NULL, '', NULL, 0000000008, 1.00, 'A'),
(0000000176, 'agua Cielo Q10 350 ml', 'botella', '', NULL, NULL, '', NULL, 0000000008, 1.00, 'A'),
(0000000177, 'agua Cielo Q10 625 ml', 'botella', '', NULL, NULL, '', NULL, 0000000008, 1.50, 'A'),
(0000000178, 'agua Cielo Sin Gas 2.5 L', 'botella', '', NULL, NULL, '', NULL, 0000000008, 2.50, 'A'),
(0000000179, 'agua Cielo Sin Gas 7 L', 'bidón', '', NULL, NULL, '', NULL, 0000000008, 6.50, 'A'),
(0000000180, 'agua Cielo Sin Gas 625ml', 'botella', '', NULL, NULL, '', NULL, 0000000008, 1.00, 'A'),
(0000000181, 'agua San Carlos 2.5 L', 'botella', '', NULL, NULL, '', NULL, 0000000008, 2.80, 'A'),
(0000000182, 'agua San Carlos Con Gas 500 ml', 'botella', '', NULL, NULL, '', NULL, 0000000008, 1.30, 'A'),
(0000000183, 'agua San Carlos Sin Gas 600 ml', 'botella', '', NULL, NULL, '', NULL, 0000000008, 1.20, 'A'),
(0000000184, 'agua San Luis Con Gas 2.5 L', 'botella', '', NULL, NULL, '', NULL, 0000000008, 3.00, 'A'),
(0000000185, 'agua San Luis Con Gas 625 ml', 'botella', '', NULL, NULL, '', NULL, 0000000008, 1.30, 'A'),
(0000000186, 'agua San Luis Sin Gas 20 L', 'caja', '', NULL, NULL, '', NULL, 0000000008, 21.50, 'A'),
(0000000187, 'agua San Luis Sin Gas 20 L', 'bidón', '', NULL, NULL, '', NULL, 0000000008, 17.50, 'A'),
(0000000188, 'agua San Luis Sin Gas 500 ml', 'botella', '', NULL, NULL, '', NULL, 0000000008, 1.20, 'A'),
(0000000189, 'agua San Luis Sin Gas 625 ml', 'botella', '', NULL, NULL, '', NULL, 0000000008, 1.30, 'A'),
(0000000190, 'agua San Luis Sin Gas 7 L', 'bidón', '', NULL, NULL, '', NULL, 0000000008, 8.50, 'A'),
(0000000191, 'agua San Lus Sin Gas 2.5 L', 'botella', '', NULL, NULL, '', NULL, 0000000008, 3.00, 'A'),
(0000000192, 'agua San Mateo Con Gas 2.5 L', 'botella', '', NULL, NULL, '', NULL, 0000000008, 3.20, 'A'),
(0000000193, 'agua San Mateo Con Gas 600 ml', 'botella', '', NULL, NULL, '', NULL, 0000000008, 1.40, 'A'),
(0000000194, 'agua San Mateo Sin Gas 2.5 L', 'botella', '', NULL, NULL, '', NULL, 0000000008, 3.00, 'A'),
(0000000195, 'agua San Mateo Sin Gas 600 ml', 'botella', '', NULL, NULL, '', NULL, 0000000008, 1.30, 'A'),
(0000000196, 'agua San Mateo Sin Gas 7 L', 'bidón', '', NULL, NULL, '', NULL, 0000000008, 8.50, 'A'),
(0000000197, 'agua casinelli 20 L', 'bidón', '', NULL, NULL, '', NULL, 0000000008, 12.50, 'A'),
(0000000198, 'Papel higienico suave jumbo x 2', 'rollo', '', NULL, NULL, '', NULL, 0000000006, 1.80, 'A'),
(0000000199, 'Papel higienico suave jumbo x 4', 'rollo', '', NULL, NULL, '', NULL, 0000000006, 3.50, 'A'),
(0000000200, 'suave jumbo x 6', 'rollo', '', NULL, NULL, '', NULL, 0000000006, 5.20, 'A'),
(0000000201, 'suave jumbo x 20 rollos (plancha)', 'rollo', '', NULL, NULL, '', NULL, 0000000006, 16.50, 'A'),
(0000000202, 'Papel higienico suave extra x 2', 'rollo', '', NULL, NULL, '', NULL, 0000000006, 1.50, 'A'),
(0000000203, 'Papel higienico suave extra x 20 – Plancha', 'rollo', '', NULL, NULL, '', NULL, 0000000006, 12.80, 'A'),
(0000000204, 'papel higienico noble x 2', 'rollo', '', NULL, NULL, '', NULL, 0000000006, 1.30, 'A'),
(0000000205, 'Papel higienico elite doble hoja naranja x 2', 'rollo', '', NULL, NULL, '', NULL, 0000000006, 1.50, 'A'),
(0000000206, 'Papel higienico elite doble hoja naranja x 20', 'rollo', '', NULL, NULL, '', NULL, 0000000006, 12.80, 'A'),
(0000000207, 'Papel higienico elite doble hoja maxima suavi', 'rollo', '', NULL, NULL, '', NULL, 0000000006, 1.80, 'A'),
(0000000208, 'Papel higienico elite doble hoja maxima suavi', 'rollo', '', NULL, NULL, '', NULL, 0000000006, 3.50, 'A'),
(0000000209, 'Papel higienico elite doble hoja maxima suavi', 'rollo', '', NULL, NULL, '', NULL, 0000000006, 5.20, 'A'),
(0000000210, 'Papel higienico elite doble hoja maxima suavi', 'rollo', '', NULL, NULL, '', NULL, 0000000006, 16.50, 'A'),
(0000000211, 'papel higienico elite ultra doble hoja purpur', 'rollo', '', NULL, NULL, '', NULL, 0000000006, 1.80, 'A'),
(0000000212, 'Toallas higienicas always pink pack 8 unidade', 'paquete', '', NULL, NULL, '', NULL, 0000000006, 3.70, 'A'),
(0000000213, 'Toallas higienicas always active pack 8 unida', 'paquete', '', NULL, NULL, '', NULL, 0000000006, 3.70, 'A'),
(0000000214, 'Toallas higienicas always suave pack 8 unidad', 'paquete', '', NULL, NULL, '', NULL, 0000000006, 3.00, 'A'),
(0000000215, 'Toallas higienicas always noche regular pack ', 'paquete', '', NULL, NULL, '', NULL, 0000000006, 5.50, 'A'),
(0000000216, 'Toallas higienicas always noche ultra fino pa', 'paquete', '', NULL, NULL, '', NULL, 0000000006, 5.50, 'A'),
(0000000217, 'Toallas higienicas ladysoft delgada pack 10 u', 'paquete', '', NULL, NULL, '', NULL, 0000000006, 2.70, 'A'),
(0000000218, 'Toallas higienicas ladysoft natural normal pa', 'paquete', '', NULL, NULL, '', NULL, 0000000006, 2.50, 'A'),
(0000000219, 'Toallas higienicas ladysoft nocturna normal p', 'paquete', '', NULL, NULL, '', NULL, 0000000006, 3.80, 'A'),
(0000000220, 'Toallas higienicas ladysoft normal pack 10 un', 'paquete', '', NULL, NULL, '', NULL, 0000000006, 2.50, 'A'),
(0000000221, 'Toallas higienicas ladysoft planes pack 8 uni', 'paquete', '', NULL, NULL, '', NULL, 0000000006, 1.50, 'A'),
(0000000222, 'Toallas higienicas nosotras invisible rapigel', 'paquete', '', NULL, NULL, '', NULL, 0000000006, 3.70, 'A'),
(0000000223, 'toallas higienicas nosotras clasica tela pack', 'paquete', '', NULL, NULL, '', NULL, 0000000006, 3.50, 'A'),
(0000000224, 'toallas higienicas nosotras natural alas tela', 'paquete', '', NULL, NULL, '', NULL, 0000000006, 3.30, 'A'),
(0000000225, 'toallas higienicas kotex normal pack 10 unida', 'paquete', '', NULL, NULL, '', NULL, 0000000006, 3.50, 'A'),
(0000000226, 'toallas higienicas nosotras natural buenas no', 'paquete', '', NULL, NULL, '', NULL, 0000000006, 5.90, 'A'),
(0000000227, 'Practipañal plenitud pack 10 unidades', 'paquete', '', NULL, NULL, '', NULL, 0000000006, 3.70, 'A'),
(0000000228, 'Pañales Pampers tripack m', 'paquete', '', NULL, NULL, '', NULL, 0000000006, 2.40, 'A'),
(0000000229, 'Pañales Pampers tripack g', 'paquete', '', NULL, NULL, '', NULL, 0000000006, 2.70, 'A'),
(0000000230, 'Pañales Pampers tripack xg', 'paquete', '', NULL, NULL, '', NULL, 0000000006, 3.00, 'A'),
(0000000231, 'Pañales Pampers tripack xxg', 'paquete', '', NULL, NULL, '', NULL, 0000000006, 3.30, 'A'),
(0000000232, 'Pañales Pampers m x 11', 'paquete', '', NULL, NULL, '', NULL, 0000000006, 6.90, 'A'),
(0000000233, 'Pañales Pampers g x 10', 'paquete', '', NULL, NULL, '', NULL, 0000000006, 6.90, 'A'),
(0000000234, 'Pañales Pampers xg x 8', 'paquete', '', NULL, NULL, '', NULL, 0000000006, 6.90, 'A'),
(0000000235, 'Pañales Pampers xxg x 8', 'paquete', '', NULL, NULL, '', NULL, 0000000006, 6.90, 'A'),
(0000000236, 'Pañales huggies m', 'unidad', '', NULL, NULL, '', NULL, 0000000006, 0.80, 'A'),
(0000000237, 'Pañales huggies g', 'unidad', '', NULL, NULL, '', NULL, 0000000006, 0.90, 'A'),
(0000000238, 'Pañales huggies xg', 'unidad', '', NULL, NULL, '', NULL, 0000000006, 1.00, 'A'),
(0000000239, 'Pañales huggies xxg', 'unidad', '', NULL, NULL, '', NULL, 0000000006, 1.10, 'A'),
(0000000240, 'Pañales huggies m x -', 'paquete', '', NULL, NULL, '', NULL, 0000000006, 44.00, 'A'),
(0000000241, 'Pañales huggies g x -', 'paquete', '', NULL, NULL, '', NULL, 0000000006, 44.00, 'A'),
(0000000242, 'Pañales huggies xg x 52', 'paquete', '', NULL, NULL, '', NULL, 0000000006, 44.00, 'A'),
(0000000243, 'Pañales huggies xxg x 48', 'paquete', '', NULL, NULL, '', NULL, 0000000006, 44.00, 'A'),
(0000000244, 'Pañales Babysec ultra m', 'unidad', '', NULL, NULL, '', NULL, 0000000006, 0.70, 'A'),
(0000000245, 'Pañales Babysec ultra g', 'unidad', '', NULL, NULL, '', NULL, 0000000006, 0.80, 'A'),
(0000000246, 'Pañales Babysec ultra xg', 'unidad', '', NULL, NULL, '', NULL, 0000000006, 0.90, 'A'),
(0000000247, 'Pañales Babysec ultra xxg', 'unidad', '', NULL, NULL, '', NULL, 0000000006, 1.00, 'A'),
(0000000248, 'pañales babysec premium xxg x 14', 'paquete', '', NULL, NULL, '', NULL, 0000000006, 13.00, 'A'),
(0000000249, 'pañales babysec premium xg x 16', 'paquete', '', NULL, NULL, '', NULL, 0000000006, 13.00, 'A'),
(0000000250, 'pañales babysec premium g x 18', 'paquete', '', NULL, NULL, '', NULL, 0000000006, 13.00, 'A'),
(0000000251, 'Pasta Dental Kolynos 22 ml', 'caja', '', NULL, NULL, '', NULL, 0000000006, 1.50, 'A'),
(0000000252, 'Pasta Dental Kolynos 75 ml', 'caja', '', NULL, NULL, '', NULL, 0000000006, 3.00, 'A'),
(0000000253, 'Pasta Dental Kolynos 100 ml', 'caja', '', NULL, NULL, '', NULL, 0000000006, 4.00, 'A'),
(0000000254, 'Pasta Dental Kolynos Herbal 90 g', 'caja', '', NULL, NULL, '', NULL, 0000000006, 2.00, 'A'),
(0000000255, 'Pasta Dental Colgate Triple Acción Menta Orig', 'caja', '', NULL, NULL, '', NULL, 0000000006, 1.60, 'A'),
(0000000256, 'Pasta Dental Colgate 90 g', 'caja', '', NULL, NULL, '', NULL, 0000000006, 2.10, 'A'),
(0000000257, 'Pasta Dental Colgate Total 12 50 ml', 'caja', '', NULL, NULL, '', NULL, 0000000006, 4.50, 'A'),
(0000000258, 'Pasta Dental Colgate Máxima Protección Anti C', 'caja', '', NULL, NULL, '', NULL, 0000000006, 2.90, 'A'),
(0000000259, 'Pasta Dental Colgate Máxima Protección Anti C', 'caja', '', NULL, NULL, '', NULL, 0000000006, 3.50, 'A'),
(0000000260, 'Pasta Dental Colgate Triple Acción Extra Blan', 'caja', '', NULL, NULL, '', NULL, 0000000006, 2.50, 'A'),
(0000000261, 'Pasta Dental Colgate Triple Acción Menta Orig', 'caja', '', NULL, NULL, '', NULL, 0000000006, 4.50, 'A'),
(0000000262, 'Pasta Dental Colgate Triple Acción Menta Orig', 'caja', '', NULL, NULL, '', NULL, 0000000006, 7.60, 'A'),
(0000000263, 'Pasta Dental Oral B Complete 50 ml + H&S', 'caja', '', NULL, NULL, '', NULL, 0000000006, 2.90, 'A'),
(0000000264, 'Pasta Dental Oral B 1 2 3 50 ml', 'caja', '', NULL, NULL, '', NULL, 0000000006, 2.50, 'A'),
(0000000265, 'Pasta Dental Oral B 3DWHITE 53 ml', 'caja', '', NULL, NULL, '', NULL, 0000000006, 4.50, 'A'),
(0000000266, 'Pasta Dental Oral B Complete con Enjuage Buca', 'caja', '', NULL, NULL, '', NULL, 0000000006, 4.30, 'A'),
(0000000267, 'Pasta Dental Dento 150 ml + Cepillo', 'caja', '', NULL, NULL, '', NULL, 0000000006, 4.00, 'A'),
(0000000268, 'Pasta Dental Dento 75 ml', 'caja', '', NULL, NULL, '', NULL, 0000000006, 2.00, 'A'),
(0000000269, 'Pasta Dental Dento 3 75 ml', 'caja', '', NULL, NULL, '', NULL, 0000000006, 2.50, 'A'),
(0000000270, 'Pasta Dental Dentito Chicle Globo 75 ml', 'caja', '', NULL, NULL, '', NULL, 0000000006, 2.00, 'A'),
(0000000271, 'Pasta Dental Dentito Chicha Morada 75 ml', 'caja', '', NULL, NULL, '', NULL, 0000000006, 2.00, 'A'),
(0000000272, 'Jaboncillo Protex Avena 130 g', 'paquete', '', NULL, NULL, '', NULL, 0000000006, 3.00, 'A'),
(0000000273, 'Jaboncillo Protex Fresh 130 g', 'paquete', '', NULL, NULL, '', NULL, 0000000006, 3.00, 'A'),
(0000000274, 'Jaboncillo Protex Limpieza Profunda 130 g', 'paquete', '', NULL, NULL, '', NULL, 0000000006, 3.00, 'A'),
(0000000275, 'Jaboncillo Protex Avena 75 g', 'paquete', '', NULL, NULL, '', NULL, 0000000006, 1.80, 'A'),
(0000000276, 'Jaboncillo Protex Fresh 75 g', 'paquete', '', NULL, NULL, '', NULL, 0000000006, 1.80, 'A'),
(0000000277, 'Jaboncillo Protex Limpieza Profunda 75 g', 'paquete', '', NULL, NULL, '', NULL, 0000000006, 1.80, 'A'),
(0000000278, 'Jaboncillo Rexona Acqua Fresh 90 g', 'paquete', '', NULL, NULL, '', NULL, 0000000006, 1.60, 'A'),
(0000000279, 'Jaboncillo Rexona Menta Fresh 90 g', 'paquete', '', NULL, NULL, '', NULL, 0000000006, 1.60, 'A'),
(0000000280, 'Jaboncillo Rexona Sensible Fresh 90g', 'paquete', '', NULL, NULL, '', NULL, 0000000006, 1.60, 'A'),
(0000000281, 'Jaboncillo Rexona Nutritiva Fresh 90g', 'paquete', '', NULL, NULL, '', NULL, 0000000006, 1.60, 'A'),
(0000000282, 'Jaboncillo Rexona Acqua Fresh 125 g', 'paquete', '', NULL, NULL, '', NULL, 0000000006, 2.70, 'A'),
(0000000283, 'Jaboncillo Rexona Menta Fresh 125 g', 'paquete', '', NULL, NULL, '', NULL, 0000000006, 2.70, 'A'),
(0000000284, 'Jaboncillo Rexona Sensible Fresh 125 g', 'paquete', '', NULL, NULL, '', NULL, 0000000006, 2.70, 'A'),
(0000000285, 'Jaboncillo Rexona Nutritiva Fresh 125 g', 'paquete', '', NULL, NULL, '', NULL, 0000000006, 2.70, 'A'),
(0000000286, 'Jaboncillo LUX Tono Luminoso 90 g', 'paquete', '', NULL, NULL, '', NULL, 0000000006, 1.50, 'A'),
(0000000287, 'Jaboncillo LUX Suavidad De Pétalos 90 g', 'paquete', '', NULL, NULL, '', NULL, 0000000006, 1.50, 'A'),
(0000000288, 'Jaboncillo LUX Refréscate 90 g', 'paquete', '', NULL, NULL, '', NULL, 0000000006, 1.50, 'A'),
(0000000289, 'Jaboncillo LUX Tono Luminoso 125 g', 'paquete', '', NULL, NULL, '', NULL, 0000000006, 2.50, 'A'),
(0000000290, 'Jaboncillo LUX Suavidad De Pétalos 125 g', 'paquete', '', NULL, NULL, '', NULL, 0000000006, 2.50, 'A'),
(0000000291, 'Jaboncillo LUX Refréscate 125 g', 'paquete', '', NULL, NULL, '', NULL, 0000000006, 2.50, 'A'),
(0000000292, 'Jaboncillo Palmolive Sensación Humectante 75 ', 'paquete', '', NULL, NULL, '', NULL, 0000000006, 1.40, 'A'),
(0000000293, 'Jaboncillo Palmolive Exfoliación Diaria 75 g', 'paquete', '', NULL, NULL, '', NULL, 0000000006, 1.40, 'A'),
(0000000294, 'Jaboncillo Spa Humectante Coco 90 g', 'paquete', '', NULL, NULL, '', NULL, 0000000006, 1.50, 'A'),
(0000000295, 'Jaboncillo Spa Energizante Naranja y Lima 90 ', 'paquete', '', NULL, NULL, '', NULL, 0000000006, 1.50, 'A'),
(0000000296, 'Jaboncillo Nivea 90 g', 'paquete', '', NULL, NULL, '', NULL, 0000000006, 1.30, 'A'),
(0000000297, 'Jaboncillo Etiquet Exfoliante 90 g', 'paquete', '', NULL, NULL, '', NULL, 0000000006, 1.70, 'A'),
(0000000298, 'Jaboncillo Etiquet 90 g', 'paquete', '', NULL, NULL, '', NULL, 0000000006, 1.50, 'A'),
(0000000299, 'Jaboncillo Camay Clásico 90 g', 'paquete', '', NULL, NULL, '', NULL, 0000000006, 1.50, 'A'),
(0000000300, 'Jaboncillo Camay Pink 90 g', 'paquete', '', NULL, NULL, '', NULL, 0000000006, 1.50, 'A'),
(0000000301, 'Jaboncillo Camay Romantic 90 g', 'paquete', '', NULL, NULL, '', NULL, 0000000006, 1.50, 'A'),
(0000000302, 'Jaboncillo Neko Extra Protección 75 g', 'paquete', '', NULL, NULL, '', NULL, 0000000006, 1.90, 'A'),
(0000000303, 'Jaboncillo Dermex Glicerina Kiwi Semillas Nat', 'paquete', '', NULL, NULL, '', NULL, 0000000006, 2.20, 'A'),
(0000000304, 'Jaboncillo Dermex Glicerina Té Verde 100 g', 'paquete', '', NULL, NULL, '', NULL, 0000000006, 2.20, 'A'),
(0000000305, 'Jaboncillo Dermex Glicerina Guaraná 100 g', 'paquete', '', NULL, NULL, '', NULL, 0000000006, 2.20, 'A'),
(0000000306, 'Jaboncillo Dermex Glicerina Mujer 100 g', 'paquete', '', NULL, NULL, '', NULL, 0000000006, 2.20, 'A'),
(0000000307, 'Jaboncillo Dermex Glicerina Maracuyá 100 g', 'paquete', '', NULL, NULL, '', NULL, 0000000006, 2.20, 'A'),
(0000000308, 'Jaboncillo Jhonsons Avena y Aceite de Almendr', 'paquete', '', NULL, NULL, '', NULL, 0000000006, 3.00, 'A'),
(0000000309, 'Jaboncillo Heno de Pravia Original 85 g', 'paquete', '', NULL, NULL, '', NULL, 0000000006, 2.20, 'A'),
(0000000310, 'Jaboncillo Heno de Pravia Frescura y Protecci', 'paquete', '', NULL, NULL, '', NULL, 0000000006, 2.20, 'A'),
(0000000311, 'Jaboncillo Heno de Pravia Con Crema Hidratant', 'paquete', '', NULL, NULL, '', NULL, 0000000006, 2.20, 'A'),
(0000000312, 'Jaboncillo Heno de Pravia Original 150 g', 'paquete', '', NULL, NULL, '', NULL, 0000000006, 3.60, 'A'),
(0000000313, 'Jaboncillo Heno de Pravia Frescura y Protecci', 'paquete', '', NULL, NULL, '', NULL, 0000000006, 3.60, 'A'),
(0000000314, 'Jaboncillo Heno de Pravia Con Crema Hidratant', 'paquete', '', NULL, NULL, '', NULL, 0000000006, 3.60, 'A'),
(0000000315, 'Jaboncillo Moncler 160 g', 'caja', '', NULL, NULL, '', NULL, 0000000006, 3.00, 'A'),
(0000000316, 'Jaboncillo Dove Exfoliación Diaria 90 g', 'caja', '', NULL, NULL, '', NULL, 0000000006, 3.00, 'A'),
(0000000317, 'Jaboncillo Dove Energiaznte 90 g', 'caja', '', NULL, NULL, '', NULL, 0000000006, 3.00, 'A'),
(0000000318, 'Toallitas Húmedas babysec ultra 72 unidades', 'paquete', '', NULL, NULL, '', NULL, 0000000006, 7.00, 'A'),
(0000000319, 'Toallitas húmedas pampers 64 und', 'paquete', '', NULL, NULL, '', NULL, 0000000006, 9.80, 'A'),
(0000000320, 'Toallitas húmedas huggies clasic 70 und', 'paquete', '', NULL, NULL, '', NULL, 0000000006, 6.20, 'A'),
(0000000321, 'toallitas húmedas huggies recien nacido 48 un', 'paquete', '', NULL, NULL, '', NULL, 0000000006, 10.50, 'A'),
(0000000322, 'toallitas húmedas babysec premium 50 und', 'paquete', '', NULL, NULL, '', NULL, 0000000006, 6.10, 'A'),
(0000000323, 'Shampoo pantene pro-v rizos definidos 400 ml', 'frasco', '', NULL, NULL, '', NULL, 0000000006, 18.00, 'A'),
(0000000324, 'Shampoo pantene pro-v hidrocauterización 400 ', 'frasco', '', NULL, NULL, '', NULL, 0000000006, 18.00, 'A'),
(0000000325, 'Shampoo con Acondicionador pantene pro-v cuid', 'frasco', '', NULL, NULL, '', NULL, 0000000006, 18.00, 'A'),
(0000000326, 'Shampoo pantene pro-v rizos definidos 200 ml', 'frasco', '', NULL, NULL, '', NULL, 0000000006, 12.00, 'A'),
(0000000327, 'Shampoo pantene pro-v hidrocauterización 200 ', 'frasco', '', NULL, NULL, '', NULL, 0000000006, 12.00, 'A'),
(0000000328, 'Shampoo pantene pro-v restauración 200 ml', 'frasco', '', NULL, NULL, '', NULL, 0000000006, 12.00, 'A'),
(0000000329, 'Shampoo pantene pro-v cuidado brillo extremo ', 'frasco', '', NULL, NULL, '', NULL, 0000000006, 12.00, 'A'),
(0000000330, 'Shampoo con Acondicionador pantene pro-v rizo', 'frasco', '', NULL, NULL, '', NULL, 0000000006, 4.80, 'A'),
(0000000331, 'Shampoo con Acondicionador pantene pro-v cuid', 'frasco', '', NULL, NULL, '', NULL, 0000000006, 4.80, 'A'),
(0000000332, 'Shampoo pantene pro-v restauración 100 ml', 'frasco', '', NULL, NULL, '', NULL, 0000000006, 4.80, 'A'),
(0000000333, 'Acondicinador Pantene Pro-V rizos definidos 2', 'frasco', '', NULL, NULL, '', NULL, 0000000006, 11.60, 'A'),
(0000000334, 'Shampoo Savital Savila 530 ml', 'frasco', '', NULL, NULL, '', NULL, 0000000006, 14.00, 'A'),
(0000000335, 'Acondicionador Head & Shoulders fuerza rejuve', 'frasco', '', NULL, NULL, '', NULL, 0000000006, 18.50, 'A'),
(0000000336, 'shampoo Head & Shoulders Manzana Fresh 400 ml', 'frasco', '', NULL, NULL, '', NULL, 0000000006, 18.90, 'A'),
(0000000337, 'shampoo Head & Shoulders Men 400 ml', 'frasco', '', NULL, NULL, '', NULL, 0000000006, 18.90, 'A'),
(0000000338, 'shampoo Head & Shoulders Limpieza Renovadora ', 'frasco', '', NULL, NULL, '', NULL, 0000000006, 18.90, 'A'),
(0000000339, 'shampoo Head & Shoulders Protección Caída 400', 'frasco', '', NULL, NULL, '', NULL, 0000000006, 18.90, 'A'),
(0000000340, 'shampoo Head & Shoulders Suave y Manejable 40', 'frasco', '', NULL, NULL, '', NULL, 0000000006, 18.90, 'A'),
(0000000341, 'Crema para Peinar Pantane Pro-V Rizos definid', 'frasco', '', NULL, NULL, '', NULL, 0000000006, 4.80, 'A'),
(0000000342, 'shampoo Head & Shoulders Limpieza Renovadora ', 'frasco', '', NULL, NULL, '', NULL, 0000000006, 4.80, 'A'),
(0000000343, 'shampoo Head & Shoulders men 90 ml', 'frasco', '', NULL, NULL, '', NULL, 0000000006, 4.80, 'A'),
(0000000344, 'shampoo Head & Shoulders Men 200 ml', 'frasco', '', NULL, NULL, '', NULL, 0000000006, 12.50, 'A'),
(0000000345, 'shampoo Head & Shoulders Limpieza Renovadora ', 'frasco', '', NULL, NULL, '', NULL, 0000000006, 12.50, 'A'),
(0000000346, 'shampoo Head & Shoulders Protección Caída 200', 'frasco', '', NULL, NULL, '', NULL, 0000000006, 12.50, 'A'),
(0000000347, 'shampoo Head & Shoulders Suave y Manejable 20', 'frasco', '', NULL, NULL, '', NULL, 0000000006, 12.50, 'A'),
(0000000348, 'Desodorante All Spice After Party 150ml', 'spray', '', NULL, NULL, '', NULL, 0000000006, 11.50, 'A'),
(0000000349, 'Desodorante All Spice Pure Sport 150ml', 'spray', '', NULL, NULL, '', NULL, 0000000006, 11.50, 'A'),
(0000000350, 'Desodorante All Spice Fresh 50 gr', 'barra', '', NULL, NULL, '', NULL, 0000000006, 9.50, 'A'),
(0000000351, 'Desodorante All Spice Show Time 50 gr', 'barra', '', NULL, NULL, '', NULL, 0000000006, 9.50, 'A'),
(0000000352, 'Desodorante All Spice After Party 50 gr', 'barra', '', NULL, NULL, '', NULL, 0000000006, 9.50, 'A'),
(0000000353, 'Desodorante All Spice Champion 50 gr', 'barra', '', NULL, NULL, '', NULL, 0000000006, 9.50, 'A'),
(0000000354, 'Desodorante Gillete 150 ml', 'spray', '', NULL, NULL, '', NULL, 0000000006, 12.50, 'A'),
(0000000355, 'Desodorante Rexona Teens Tropical Energy 108 ', 'spray', '', NULL, NULL, '', NULL, 0000000006, 5.80, 'A'),
(0000000356, 'Desodorante Rexona Teens Beauty 108 ml', 'spray', '', NULL, NULL, '', NULL, 0000000006, 5.80, 'A'),
(0000000357, 'Desodorante Rexona Women 108 ml', 'spray', '', NULL, NULL, '', NULL, 0000000006, 5.80, 'A'),
(0000000358, 'Desodorante Rexona UV8 50 ml x 2', 'caja', '', NULL, NULL, '', NULL, 0000000006, 10.20, 'A'),
(0000000359, 'Desodorante Rexona cotton 50 ml x 2', 'caja', '', NULL, NULL, '', NULL, 0000000006, 10.20, 'A'),
(0000000360, 'Crema Desodorante Etiquet 55 gr', 'caja', '', NULL, NULL, '', NULL, 0000000006, 12.50, 'A'),
(0000000361, 'Desodorante Rexona Men Sensitive 50 gr', 'barra', '', NULL, NULL, '', NULL, 0000000006, 9.50, 'A'),
(0000000362, 'Desodorante Rexona Men Extreme 50 gr', 'barra', '', NULL, NULL, '', NULL, 0000000006, 9.50, 'A'),
(0000000363, 'Desodorante Rexona Men UV8 50 gr', 'barra', '', NULL, NULL, '', NULL, 0000000006, 9.50, 'A'),
(0000000364, 'Desodorante Rexona Men Quatom 50 gr', 'barra', '', NULL, NULL, '', NULL, 0000000006, 9.50, 'A'),
(0000000365, 'Desodorante Rexona Men Xtracool 50 gr', 'barra', '', NULL, NULL, '', NULL, 0000000006, 9.50, 'A'),
(0000000366, 'Desodorante Rexona Women Cotton 50 gr', 'barra', '', NULL, NULL, '', NULL, 0000000006, 9.50, 'A'),
(0000000367, 'Desodorante Rexona Women extra fresh 50 gr', 'barra', '', NULL, NULL, '', NULL, 0000000006, 9.50, 'A'),
(0000000368, 'Desodorante Rexona Women Nutritive 50 gr', 'barra', '', NULL, NULL, '', NULL, 0000000006, 9.50, 'A'),
(0000000369, 'Desodorante Rexona Women Active Emotion 50 gr', 'barra', '', NULL, NULL, '', NULL, 0000000006, 9.50, 'A'),
(0000000370, 'Desodorante Rexona Women Crystal 50 gr', 'barra', '', NULL, NULL, '', NULL, 0000000006, 9.50, 'A'),
(0000000371, 'Crema para Peinar Sedal yuko 300 ml', 'frasco', '', NULL, NULL, '', NULL, 0000000006, 10.60, 'A'),
(0000000372, 'Crema para Peinar Sedal ceramidas 300 ml', 'frasco', '', NULL, NULL, '', NULL, 0000000006, 10.60, 'A'),
(0000000373, 'Shampoo konzil 375 ml + 200 ml', 'frasco', '', NULL, NULL, '', NULL, 0000000006, 16.50, 'A'),
(0000000374, 'Espuma para afeitar Gillete 250 ml', 'spray', '', NULL, NULL, '', NULL, 0000000006, 15.90, 'A'),
(0000000375, 'Talco Desodorante Hansaplast 250 gr', 'frasco', '', NULL, NULL, '', NULL, 0000000006, 12.00, 'A'),
(0000000376, 'Crema Corporal Nivea Hidratación Express 400 ', 'frasco', '', NULL, NULL, '', NULL, 0000000006, 17.30, 'A'),
(0000000377, 'Enguaje Bucal Listerine Antimanchas 500 ml', 'frasco', '', NULL, NULL, '', NULL, 0000000006, 15.50, 'A'),
(0000000378, 'Enguaje Bucal Listerine Zero 500 ml', 'frasco', '', NULL, NULL, '', NULL, 0000000006, 15.00, 'A'),
(0000000379, 'Desodorante Dove 169 ml + Jabón', 'spray', '', NULL, NULL, '', NULL, 0000000006, 12.50, 'A'),
(0000000380, 'Desodorante Dove Dermo Aclarante 169 ml + Jab', 'spray', '', NULL, NULL, '', NULL, 0000000006, 12.50, 'A'),
(0000000381, 'Shampoo Dove + Acondicionador Dove 400 ml', 'frasco', '', NULL, NULL, '', NULL, 0000000006, 26.50, 'A'),
(0000000382, 'Shampoo konzil 200 ml', 'frasco', '', NULL, NULL, '', NULL, 0000000006, 8.90, 'A'),
(0000000383, 'Nivea Creme 30 ml', 'lata', '', NULL, NULL, '', NULL, 0000000006, 3.20, 'A'),
(0000000384, 'Leche de Magnesia 120 ml', 'frasco', '', NULL, NULL, '', NULL, 0000000006, 8.50, 'A'),
(0000000385, 'Leche de Magnesia cereza 120 ml', 'frasco', '', NULL, NULL, '', NULL, 0000000006, 8.50, 'A'),
(0000000386, 'Leche de Magnesia ciruela 120 ml', 'frasco', '', NULL, NULL, '', NULL, 0000000006, 8.50, 'A'),
(0000000387, 'Leche de Magnesia durazno 120 ml', 'frasco', '', NULL, NULL, '', NULL, 0000000006, 8.50, 'A'),
(0000000388, 'Shampoo Amens 112 ml', 'frasco', '', NULL, NULL, '', NULL, 0000000006, 6.90, 'A'),
(0000000389, 'Quita esmalte sivela 30 ml', 'frasco', '', NULL, NULL, '', NULL, 0000000006, 1.20, 'A'),
(0000000390, 'Esmalte DLady 7 ml', 'frasco', '', NULL, NULL, '', NULL, 0000000006, 1.00, 'A'),
(0000000391, 'Quita esmalte Samy 30 ml', 'frasco', '', NULL, NULL, '', NULL, 0000000006, 1.50, 'A'),
(0000000392, 'Quita esmalte Samy 75 ml', 'frasco', '', NULL, NULL, '', NULL, 0000000006, 2.50, 'A'),
(0000000393, 'Enguaje Bucal Listerine Zero 180 ml', 'frasco', '', NULL, NULL, '', NULL, 0000000006, 5.50, 'A'),
(0000000394, 'Enguaje Bucal Listerine Antimanchas 250 ml', 'frasco', '', NULL, NULL, '', NULL, 0000000006, 7.90, 'A'),
(0000000395, 'Enguaje Bucal Listerine Zero 500 ml + 180 ml', 'frasco', '', NULL, NULL, '', NULL, 0000000006, 19.00, 'A'),
(0000000396, 'Enguaje Bucal Listerine Antimanchas 500 ml + ', 'frasco', '', NULL, NULL, '', NULL, 0000000006, 21.50, 'A'),
(0000000397, 'Jabón Líquido Aval Pétalos de rosa 400 ml', 'frasco', '', NULL, NULL, '', NULL, 0000000006, 5.50, 'A'),
(0000000398, 'Jabón Líquido Aval Almendras y Miel 400 ml', 'frasco', '', NULL, NULL, '', NULL, 0000000006, 5.50, 'A'),
(0000000399, 'Jabón Líquido Aval Lavanda Francesa 400 ml', 'frasco', '', NULL, NULL, '', NULL, 0000000006, 5.50, 'A'),
(0000000400, 'Jabón Líquido Aval Pasión Cítrica 400 ml', 'frasco', '', NULL, NULL, '', NULL, 0000000006, 5.50, 'A'),
(0000000401, 'Jabón Líquido Aval Fresco Limón 400 ml', 'frasco', '', NULL, NULL, '', NULL, 0000000006, 5.50, 'A'),
(0000000402, 'Shampoo Jhonsons Baby 100 ml', 'frasco', '', NULL, NULL, '', NULL, 0000000006, 4.90, 'A'),
(0000000403, 'Talco Desodorante Hansaplast 120 gr', 'frasco', '', NULL, NULL, '', NULL, 0000000006, 7.90, 'A'),
(0000000404, 'Espuma para afeitar Gillete Piel Sensible 322', 'spray', '', NULL, NULL, '', NULL, 0000000006, 17.90, 'A'),
(0000000405, 'Gel para peinar ego black 200 gr', 'pote', '', NULL, NULL, '', NULL, 0000000006, 6.40, 'A'),
(0000000406, 'Gel para peinar ego black 100 gr', 'pote', '', NULL, NULL, '', NULL, 0000000006, 2.50, 'A'),
(0000000407, 'Gel para peinar ego xtreme 100 gr', 'pote', '', NULL, NULL, '', NULL, 0000000006, 3.00, 'A'),
(0000000408, 'Gel para peinar ego xtreme 27 gr', 'sachet', '', NULL, NULL, '', NULL, 0000000006, 0.70, 'A'),
(0000000409, 'Desodorante Rexona Men UV8 98ml', 'spray', '', NULL, NULL, '', NULL, 0000000006, 5.80, 'A'),
(0000000410, 'Desodorante Rexona Men Active 98 ml', 'spray', '', NULL, NULL, '', NULL, 0000000006, 5.80, 'A'),
(0000000411, 'Desodorante Rexona Women 108 ml', 'spray', '', NULL, NULL, '', NULL, 0000000006, 5.80, 'A'),
(0000000412, 'Desodorante Nivea 43 gr', 'barra', '', NULL, NULL, '', NULL, 0000000006, 8.30, 'A'),
(0000000413, 'Desodorante Rexona Women Bamboo 30 ml', 'rollon', '', NULL, NULL, '', NULL, 0000000006, 3.00, 'A'),
(0000000414, 'Desodorante Rexona Men UV8 30 ml', 'rollon', '', NULL, NULL, '', NULL, 0000000006, 3.00, 'A'),
(0000000415, 'Desodorante Gillete triple protection system ', 'rollon', '', NULL, NULL, '', NULL, 0000000006, 7.50, 'A'),
(0000000416, 'Desodorante Gillete sport 60 gr', 'rollon', '', NULL, NULL, '', NULL, 0000000006, 7.50, 'A'),
(0000000417, 'Desodorante Axe Black 90 ml', 'spray', '', NULL, NULL, '', NULL, 0000000006, 5.80, 'A'),
(0000000418, 'Desodorante Axe Exite 90 ml', 'spray', '', NULL, NULL, '', NULL, 0000000006, 5.80, 'A'),
(0000000419, 'Desodorante Axe Anarchy 90 ml', 'spray', '', NULL, NULL, '', NULL, 0000000006, 5.80, 'A'),
(0000000420, 'Oxigenta higora 60 ml', 'frasco', '', NULL, NULL, '', NULL, 0000000006, 2.60, 'A'),
(0000000421, 'Tinte para cabello pallete', 'caja', '', NULL, NULL, '', NULL, 0000000006, 12.50, 'A'),
(0000000422, 'Protector solar banana boat ultra defense 50 ', 'tubo', '', NULL, NULL, '', NULL, 0000000006, 8.50, 'A'),
(0000000423, 'Protector solar banana boat ultra defense kid', 'tubo', '', NULL, NULL, '', NULL, 0000000006, 8.50, 'A'),
(0000000424, 'Espuma de afeitar Aval hidratante 200 ml', 'spray', '', NULL, NULL, '', NULL, 0000000006, 7.50, 'A'),
(0000000425, 'Espuma de afeitar Aval extra proteccion 200 m', 'spray', '', NULL, NULL, '', NULL, 0000000006, 7.50, 'A'),
(0000000426, 'Shampoo Savital 90 ml', 'bolsa', '', NULL, NULL, '', NULL, 0000000006, 2.00, 'A'),
(0000000427, 'Prestobarba Guillette dos hojas', 'paquete', '', NULL, NULL, '', NULL, 0000000006, 2.50, 'A'),
(0000000428, 'Prestobarba Guillette tres hojas hombre', 'paquete', '', NULL, NULL, '', NULL, 0000000006, 3.50, 'A'),
(0000000429, 'Prestobarba Guillette tres hojas mujer', 'paquete', '', NULL, NULL, '', NULL, 0000000006, 3.50, 'A'),
(0000000430, 'prestobarba shick dos', 'paquete', '', NULL, NULL, '', NULL, 0000000006, 1.20, 'A'),
(0000000431, 'Prestobarba shick dos hojas hombre', 'paquete', '', NULL, NULL, '', NULL, 0000000006, 2.50, 'A'),
(0000000432, 'prestobarba shick tres hojas hombre', 'paquete', '', NULL, NULL, '', NULL, 0000000006, 3.50, 'A'),
(0000000433, 'Prestobarba shick dos hojas mujer', 'paquete', '', NULL, NULL, '', NULL, 0000000006, 2.50, 'A'),
(0000000434, 'prestobarba shick tres hojas mujer', 'paquete', '', NULL, NULL, '', NULL, 0000000006, 3.50, 'A'),
(0000000435, 'Prestobarba shick 4 hijas titanium', 'paquete', '', NULL, NULL, '', NULL, 0000000006, 4.00, 'A'),
(0000000436, 'Prestobarba Colt II', 'paquete', '', NULL, NULL, '', NULL, 0000000006, 1.40, 'A'),
(0000000437, 'Cepillo de Dientes Kolynos Master Plus', 'estuche', '', NULL, NULL, '', NULL, 0000000006, 1.70, 'A'),
(0000000438, 'Cepillo de Dientes colgate extra suave 5 años', 'estuche', '', NULL, NULL, '', NULL, 0000000006, 2.00, 'A'),
(0000000439, 'cepillo de dientes oral b 1 2 3 con tapa', 'estuche', '', NULL, NULL, '', NULL, 0000000006, 1.70, 'A'),
(0000000440, 'cepillo de dientes pro doble acción', 'estuche', '', NULL, NULL, '', NULL, 0000000006, 5.00, 'A'),
(0000000441, 'cepillo de dientes pro kids suave', 'estuche', '', NULL, NULL, '', NULL, 0000000006, 4.50, 'A'),
(0000000442, 'cepillo de dientes colgate triple acción 1 2 ', 'estuche', '', NULL, NULL, '', NULL, 0000000006, 2.50, 'A'),
(0000000443, 'cepillo de dientes colgate premier', 'estuche', '', NULL, NULL, '', NULL, 0000000006, 1.80, 'A'),
(0000000444, 'cepillo de dientes dento galaxy niños', 'estuche', '', NULL, NULL, '', NULL, 0000000006, 2.00, 'A'),
(0000000445, 'desodorante lady speed stick double defense 1', 'sachet', '', NULL, NULL, '', NULL, 0000000006, 0.70, 'A'),
(0000000446, 'desodorante lady speed stick active 12 g', 'sachet', '', NULL, NULL, '', NULL, 0000000006, 0.70, 'A'),
(0000000447, 'desodorante rexona nutritive 10 g', 'sachet', '', NULL, NULL, '', NULL, 0000000006, 0.70, 'A'),
(0000000448, 'desodorante rexona men v8 15 g', 'sachet', '', NULL, NULL, '', NULL, 0000000006, 0.70, 'A'),
(0000000449, 'desodorante nivea men invisible 10 ml', 'sachet', '', NULL, NULL, '', NULL, 0000000006, 1.00, 'A'),
(0000000450, 'crema ponds aclaradora 15 g', 'sachet', '', NULL, NULL, '', NULL, 0000000006, 0.80, 'A'),
(0000000451, 'crema ponds de limpieza 10 g', 'sachet', '', NULL, NULL, '', NULL, 0000000006, 0.80, 'A'),
(0000000452, 'crema ponds rejuvenece 10 g', 'sachet', '', NULL, NULL, '', NULL, 0000000006, 0.80, 'A'),
(0000000453, 'crema ponds humectante 10 g', 'sachet', '', NULL, NULL, '', NULL, 0000000006, 0.80, 'A'),
(0000000454, 'pilas panasonic AA x2', 'paquete', '', NULL, NULL, '', NULL, 0000000009, 1.40, 'A'),
(0000000455, 'pilas panasonic AAA x2', 'paquete', '', NULL, NULL, '', NULL, 0000000009, 1.40, 'A'),
(0000000456, 'pilas panasonic D x2', 'paquete', '', NULL, NULL, '', NULL, 0000000009, 2.80, 'A'),
(0000000457, 'pilas duracell AAA x2', 'paquete', '', NULL, NULL, '', NULL, 0000000009, 4.50, 'A'),
(0000000458, 'pilas duracell AA x2', 'paquete', '', NULL, NULL, '', NULL, 0000000009, 4.50, 'A'),
(0000000459, 'batería duracell 9V x1', 'paquete', '', NULL, NULL, '', NULL, 0000000009, 9.50, 'A'),
(0000000460, '7up 1.5 L', 'botella', '', NULL, NULL, '', NULL, 0000000002, 4.00, 'A'),
(0000000461, '7up 3 L', 'botella', '', NULL, NULL, '', NULL, 0000000002, 6.50, 'A'),
(0000000462, '7up 355 ml', 'lata', '', NULL, NULL, '', NULL, 0000000002, 2.00, 'A'),
(0000000463, '7up 500 ml', 'botella', '', NULL, NULL, '', NULL, 0000000002, 1.50, 'A'),
(0000000464, 'Aquarius Granadilla 1.5 L', 'botella', '', NULL, NULL, '', NULL, 0000000002, 5.00, 'A'),
(0000000465, 'Aquarius Granadilla 500 ml', 'botella', '', NULL, NULL, '', NULL, 0000000002, 2.00, 'A'),
(0000000466, 'Aquarius Manzana 1.5 L', 'botella', '', NULL, NULL, '', NULL, 0000000002, 5.00, 'A'),
(0000000467, 'Aquarius Manzana 500 ml', 'botella', '', NULL, NULL, '', NULL, 0000000002, 2.00, 'A'),
(0000000468, 'Aquarius Pera 1.5 L', 'botella', '', NULL, NULL, '', NULL, 0000000002, 5.00, 'A'),
(0000000469, 'Aquarius Pera 500 ml', 'botella', '', NULL, NULL, '', NULL, 0000000002, 2.00, 'A'),
(0000000470, 'Chicha Morada Gloria 1.5 L', 'botella', '', NULL, NULL, '', NULL, 0000000002, 4.50, 'A'),
(0000000471, 'Chicha Morada Gloria 400 ml', 'botella', '', NULL, NULL, '', NULL, 0000000002, 1.00, 'A'),
(0000000472, 'Cifrut granadilla 1.5 L', 'botella', '', NULL, NULL, '', NULL, 0000000002, 3.00, 'A'),
(0000000473, 'Cifrut Granadilla 250 ml', 'botella', '', NULL, NULL, '', NULL, 0000000002, 0.60, 'A'),
(0000000474, 'Cifrut Granadilla 3 L', 'botella', '', NULL, NULL, '', NULL, 0000000002, 5.50, 'A'),
(0000000475, 'Cifrut Granadilla 500 ml', 'botella', '', NULL, NULL, '', NULL, 0000000002, 1.20, 'A'),
(0000000476, 'Cifrut Naranja 1.5 L', 'botella', '', NULL, NULL, '', NULL, 0000000002, 3.00, 'A'),
(0000000477, 'Cifrut Naranja 250 ml', 'botella', '', NULL, NULL, '', NULL, 0000000002, 0.60, 'A'),
(0000000478, 'Cifrut Naranja 3 L', 'botella', '', NULL, NULL, '', NULL, 0000000002, 5.50, 'A'),
(0000000479, 'Cifrut Naranja 500 ml', 'botella', '', NULL, NULL, '', NULL, 0000000002, 1.20, 'A'),
(0000000480, 'Cifrut Tropical 1.5 L', 'botella', '', NULL, NULL, '', NULL, 0000000002, 3.00, 'A'),
(0000000481, 'Cifrut Tropical 250 ml', 'botella', '', NULL, NULL, '', NULL, 0000000002, 0.60, 'A'),
(0000000482, 'Cifrut Tropical 3 L', 'botella', '', NULL, NULL, '', NULL, 0000000002, 5.50, 'A'),
(0000000483, 'Cifrut Tropical 500 ml', 'botella', '', NULL, NULL, '', NULL, 0000000002, 1.20, 'A'),
(0000000484, 'Coca Cola 1.5 L', 'botella', '', NULL, NULL, '', NULL, 0000000002, 5.00, 'A'),
(0000000485, 'Coca Cola 192 ml', 'botella', '', NULL, NULL, '', NULL, 0000000002, 0.70, 'A'),
(0000000486, 'Coca Cola 2.5 L', 'botella', '', NULL, NULL, '', NULL, 0000000002, 6.50, 'A'),
(0000000487, 'Coca Cola 3 L', 'botella', '', NULL, NULL, '', NULL, 0000000002, 8.50, 'A'),
(0000000488, 'Coca Cola 500 ml', 'botella', '', NULL, NULL, '', NULL, 0000000002, 1.80, 'A'),
(0000000489, 'Coca Cola Zero 500 ml', 'botella', '', NULL, NULL, '', NULL, 0000000002, 1.80, 'A'),
(0000000490, 'Concordia Fresa 1.5 L', 'botella', '', NULL, NULL, '', NULL, 0000000002, 3.50, 'A'),
(0000000491, 'Concordia Fresa 3 L', 'botella', '', NULL, NULL, '', NULL, 0000000002, 5.50, 'A'),
(0000000492, 'Concordia Fresa 500 ml', 'botella', '', NULL, NULL, '', NULL, 0000000002, 1.30, 'A'),
(0000000493, 'Concordia Naranja 1.5 L', 'botella', '', NULL, NULL, '', NULL, 0000000002, 3.50, 'A'),
(0000000494, 'Concordia Naranja 3 L', 'botella', '', NULL, NULL, '', NULL, 0000000002, 5.50, 'A'),
(0000000495, 'Concordia Naranja 500 ml', 'botella', '', NULL, NULL, '', NULL, 0000000002, 1.30, 'A'),
(0000000496, 'Concordia Piña 1.5 L', 'botella', '', NULL, NULL, '', NULL, 0000000002, 3.50, 'A'),
(0000000497, 'Concordia Piña 3 L', 'botella', '', NULL, NULL, '', NULL, 0000000002, 5.50, 'A'),
(0000000498, 'Concordia Piña 500 ml', 'botella', '', NULL, NULL, '', NULL, 0000000002, 1.30, 'A'),
(0000000499, 'Crush 1.5 L', 'botella', '', NULL, NULL, '', NULL, 0000000002, 4.00, 'A'),
(0000000500, 'Crush 3 L', 'botella', '', NULL, NULL, '', NULL, 0000000002, 6.00, 'A'),
(0000000501, 'Crush 450 ml', 'botella', '', NULL, NULL, '', NULL, 0000000002, 1.50, 'A'),
(0000000502, 'Everves 1.5 L', 'botella', '', NULL, NULL, '', NULL, 0000000002, 5.00, 'A'),
(0000000503, 'Everves 500 ml', 'botella', '', NULL, NULL, '', NULL, 0000000002, 2.00, 'A'),
(0000000504, 'Fanta 1.5 L', 'botella', '', NULL, NULL, '', NULL, 0000000002, 4.50, 'A'),
(0000000505, 'Fanta 192 ml', 'botella', '', NULL, NULL, '', NULL, 0000000002, 0.70, 'A'),
(0000000506, 'Fanta 2.25 L', 'botella', '', NULL, NULL, '', NULL, 0000000002, 5.50, 'A'),
(0000000507, 'Fanta Kola Inglesa 3 L', 'botella', '', NULL, NULL, '', NULL, 0000000002, 6.50, 'A'),
(0000000508, 'Fanta Kola Inglesa 500 ml', 'botella', '', NULL, NULL, '', NULL, 0000000002, 1.80, 'A'),
(0000000509, 'Fanta Naranja 3 L', 'botella', '', NULL, NULL, '', NULL, 0000000002, 6.50, 'A'),
(0000000510, 'Fanta Naranja 500 ml', 'botella', '', NULL, NULL, '', NULL, 0000000002, 1.80, 'A'),
(0000000511, 'Fanta Zero 500 ml', 'botella', '', NULL, NULL, '', NULL, 0000000002, 1.80, 'A'),
(0000000512, 'Frugos 1 L', 'caja', '', NULL, NULL, '', NULL, 0000000002, 3.20, 'A'),
(0000000513, 'Frugos 1.5 L', 'caja', '', NULL, NULL, '', NULL, 0000000002, 4.20, 'A'),
(0000000514, 'Frugos 235 ml', 'caja', '', NULL, NULL, '', NULL, 0000000002, 1.00, 'A'),
(0000000515, 'Frugos 296 ml', 'botella', '', NULL, NULL, '', NULL, 0000000002, 1.50, 'A'),
(0000000516, 'Frugos Kids', 'caja', '', NULL, NULL, '', NULL, 0000000002, 0.50, 'A'),
(0000000517, 'Inka Cola 1.5 L', 'botella', '', NULL, NULL, '', NULL, 0000000002, 5.00, 'A'),
(0000000518, 'Inka Cola 192 ml', 'botella', '', NULL, NULL, '', NULL, 0000000002, 0.70, 'A'),
(0000000519, 'Inka Cola 2.25 L', 'botella', '', NULL, NULL, '', NULL, 0000000002, 6.50, 'A'),
(0000000520, 'Inka Cola 3 L', 'botella', '', NULL, NULL, '', NULL, 0000000002, 8.50, 'A'),
(0000000521, 'Inka Cola 500 ml', 'botella', '', NULL, NULL, '', NULL, 0000000002, 1.80, 'A'),
(0000000522, 'Inka Cola Zero 500 ml', 'botella', '', NULL, NULL, '', NULL, 0000000002, 1.80, 'A'),
(0000000523, 'Kr Cola 500 ml', 'botella', '', NULL, NULL, '', NULL, 0000000002, 1.20, 'A'),
(0000000524, 'Kr Fresa 500 ml', 'botella', '', NULL, NULL, '', NULL, 0000000002, 1.20, 'A'),
(0000000525, 'Kr Naranja 500 ml', 'botella', '', NULL, NULL, '', NULL, 0000000002, 1.20, 'A'),
(0000000526, 'Kr Piña 500 ml', 'botella', '', NULL, NULL, '', NULL, 0000000002, 1.20, 'A'),
(0000000527, 'Oro 500 ml', 'botella', '', NULL, NULL, '', NULL, 0000000002, 1.00, 'A'),
(0000000528, 'Oro 3 L', 'botella', '', NULL, NULL, '', NULL, 0000000002, 5.00, 'A'),
(0000000529, 'Pepsi 1.5 L', 'botella', '', NULL, NULL, '', NULL, 0000000002, 4.50, 'A'),
(0000000530, 'Pepsi 3 L', 'botella', '', NULL, NULL, '', NULL, 0000000002, 6.50, 'A'),
(0000000531, 'Pepsi 500 ml', 'botella', '', NULL, NULL, '', NULL, 0000000002, 1.50, 'A'),
(0000000532, 'Powerade Lima Limón 473 ml', 'botella', '', NULL, NULL, '', NULL, 0000000002, 1.70, 'A'),
(0000000533, 'Powerade Mandarina 473 ml', 'botella', '', NULL, NULL, '', NULL, 0000000002, 1.70, 'A'),
(0000000534, 'Powerade Mora 473 ml', 'botella', '', NULL, NULL, '', NULL, 0000000002, 1.70, 'A'),
(0000000535, 'Powerade Tropical 473 ml', 'botella', '', NULL, NULL, '', NULL, 0000000002, 1.70, 'A'),
(0000000536, 'Pulp durazno 1 L', 'botella', '', NULL, NULL, '', NULL, 0000000002, 2.50, 'A'),
(0000000537, 'Pulp 1.5 L', 'botella', '', NULL, NULL, '', NULL, 0000000002, 3.50, 'A'),
(0000000538, 'Pulp 200 ml', 'botella', '', NULL, NULL, '', NULL, 0000000002, 1.00, 'A'),
(0000000539, 'Pulp Botella', 'botella', '', NULL, NULL, '', NULL, 0000000002, 1.50, 'A'),
(0000000540, 'Pulpin 145ml', 'caja', '', NULL, NULL, '', NULL, 0000000002, 0.50, 'A'),
(0000000541, 'Schweppers 1.5 L', 'botella', '', NULL, NULL, '', NULL, 0000000002, 5.00, 'A'),
(0000000542, 'Schweppers 500 ml', 'botella', '', NULL, NULL, '', NULL, 0000000002, 2.00, 'A'),
(0000000543, 'Schweppers Citrus 1.5 L', 'botella', '', NULL, NULL, '', NULL, 0000000002, 5.00, 'A'),
(0000000544, 'Schweppers Citrus 500 ml', 'botella', '', NULL, NULL, '', NULL, 0000000002, 2.00, 'A'),
(0000000545, 'Sprite 1.5 L', 'botella', '', NULL, NULL, '', NULL, 0000000002, 4.50, 'A'),
(0000000546, 'Sprite 2.25 L', 'botella', '', NULL, NULL, '', NULL, 0000000002, 6.50, 'A'),
(0000000547, 'Sprite 500 ml', 'botella', '', NULL, NULL, '', NULL, 0000000002, 1.80, 'A'),
(0000000548, 'bebida energizante maltin power 269 ml', 'lata', '', NULL, NULL, '', NULL, 0000000002, 1.20, 'A'),
(0000000549, 'bebida energizante maltin power 330 ml', 'botella', '', NULL, NULL, '', NULL, 0000000002, 1.20, 'A'),
(0000000550, 'gaseosa guaraná 355 ml', 'lata', '', NULL, NULL, '', NULL, 0000000002, 1.50, 'A'),
(0000000551, 'gaseosa guaraná 500 ml', 'botella', '', NULL, NULL, '', NULL, 0000000002, 1.30, 'A'),
(0000000552, 'gaseosa guaraná 3 L', 'botella', '', NULL, NULL, '', NULL, 0000000002, 5.50, 'A'),
(0000000553, 'gaseosa casinelli 500 ml', 'botella', '', NULL, NULL, '', NULL, 0000000002, 1.00, 'A'),
(0000000554, 'gaseosa casinelli 1.5 L', 'botella', '', NULL, NULL, '', NULL, 0000000002, 2.50, 'A'),
(0000000555, 'gaseosa casinelli 3 L', 'botella', '', NULL, NULL, '', NULL, 0000000002, 5.00, 'A'),
(0000000556, 'cereales angel chock 22 g', 'bolsa', '', NULL, NULL, '', NULL, 0000000010, 0.50, 'A'),
(0000000557, 'cereales angel mel 22 g', 'bolsa', '', NULL, NULL, '', NULL, 0000000010, 0.50, 'A'),
(0000000558, 'cereales angel zuck 22 g', 'bolsa', '', NULL, NULL, '', NULL, 0000000010, 0.50, 'A'),
(0000000559, 'cereales angel frutt 22 g', 'bolsa', '', NULL, NULL, '', NULL, 0000000010, 0.50, 'A'),
(0000000560, 'cereales angel alfa y beto 22 g', 'bolsa', '', NULL, NULL, '', NULL, 0000000010, 0.50, 'A'),
(0000000561, 'cereales angel copix 20 g', 'bolsa', '', NULL, NULL, '', NULL, 0000000010, 0.40, 'A'),
(0000000562, 'cereales angel tito almohada 28 g', 'bolsa', '', NULL, NULL, '', NULL, 0000000010, 0.50, 'A'),
(0000000563, 'cereales angel fresia almohada 18 g', 'bolsa', '', NULL, NULL, '', NULL, 0000000010, 0.50, 'A'),
(0000000564, 'cereales angel fibra con salvado 22 g', 'bolsa', '', NULL, NULL, '', NULL, 0000000010, 0.50, 'A'),
(0000000565, 'cereales hummana ojuelas azucaradas 22 g', 'bolsa', '', NULL, NULL, '', NULL, 0000000010, 0.50, 'A'),
(0000000566, 'cereales hummana bolitas de chocolate 22 g', 'bolsa', '', NULL, NULL, '', NULL, 0000000010, 0.50, 'A'),
(0000000567, 'cereales hummana ojuelas de maíz 22 g', 'bolsa', '', NULL, NULL, '', NULL, 0000000010, 0.50, 'A'),
(0000000568, 'cereales angel chock 140 g', 'bolsa', '', NULL, NULL, '', NULL, 0000000010, 2.20, 'A'),
(0000000569, 'cereales angel mel 140 g', 'bolsa', '', NULL, NULL, '', NULL, 0000000010, 2.20, 'A'),
(0000000570, 'cereales angel zuck 140 g', 'bolsa', '', NULL, NULL, '', NULL, 0000000010, 2.20, 'A'),
(0000000571, 'cereales angel frutt 140 g', 'bolsa', '', NULL, NULL, '', NULL, 0000000010, 2.20, 'A'),
(0000000572, 'cereales angel alfa y beto 140 g', 'bolsa', '', NULL, NULL, '', NULL, 0000000010, 2.20, 'A'),
(0000000573, 'cereales angel copix fresa 130 g', 'bolsa', '', NULL, NULL, '', NULL, 0000000010, 2.20, 'A'),
(0000000574, 'cereales angel tito almohada 110 g', 'bolsa', '', NULL, NULL, '', NULL, 0000000010, 2.50, 'A'),
(0000000575, 'cereales angel meli almohada 110 g', 'bolsa', '', NULL, NULL, '', NULL, 0000000010, 2.50, 'A'),
(0000000576, 'cereales angel flakes 150 g', 'bolsa', '', NULL, NULL, '', NULL, 0000000010, 2.20, 'A'),
(0000000577, 'cereales angel frutilla almohada 110 g', 'bolsa', '', NULL, NULL, '', NULL, 0000000010, 2.50, 'A'),
(0000000578, 'Chocolate Nesquik 15 g', 'sobre', '', NULL, NULL, '', NULL, 0000000011, 0.70, 'A'),
(0000000579, 'Chocolate Milo 18 g', 'sobre', '', NULL, NULL, '', NULL, 0000000011, 1.00, 'A'),
(0000000580, 'Café Kirma 10 g', 'sobre', '', NULL, NULL, '', NULL, 0000000011, 1.00, 'A'),
(0000000581, 'Café Kirma 18 g', 'sobre', '', NULL, NULL, '', NULL, 0000000011, 2.00, 'A'),
(0000000582, 'Cebada Eco 8 g', 'sobre', '', NULL, NULL, '', NULL, 0000000011, 0.50, 'A'),
(0000000583, 'Café Nescafé decaf 9 g', 'sobre', '', NULL, NULL, '', NULL, 0000000011, 1.00, 'A'),
(0000000584, 'café altomayo 10 g', 'sobre', '', NULL, NULL, '', NULL, 0000000011, 1.00, 'A'),
(0000000585, 'Café nescafé tradición 10 g', 'sobre', '', NULL, NULL, '', NULL, 0000000011, 1.10, 'A'),
(0000000586, 'café nescafé tradición 18 g', 'sobre', '', NULL, NULL, '', NULL, 0000000011, 2.00, 'A'),
(0000000587, 'café nescafé kirma 7 g', 'sobre', '', NULL, NULL, '', NULL, 0000000011, 0.70, 'A'),
(0000000588, 'Cocoa winter 11 g', 'sobre', '', NULL, NULL, '', NULL, 0000000011, 0.50, 'A'),
(0000000589, 'cocoa winter 23 g', 'sobre', '', NULL, NULL, '', NULL, 0000000011, 1.00, 'A'),
(0000000590, 'cocoa winter 45 g', 'sobre', '', NULL, NULL, '', NULL, 0000000011, 2.00, 'A'),
(0000000591, 'cocoa winter 400 g', 'sobre', '', NULL, NULL, '', NULL, 0000000011, 5.50, 'A'),
(0000000592, 'café kirma 200 g', 'lata', '', NULL, NULL, '', NULL, 0000000011, 22.00, 'A'),
(0000000593, 'café kirma 50 g', 'sobre', '', NULL, NULL, '', NULL, 0000000011, 5.50, 'A'),
(0000000594, 'café nescafé tradición 50 g', 'frasco', '', NULL, NULL, '', NULL, 0000000011, 7.20, 'A'),
(0000000595, 'chocolate milo 200 g', 'sobre', '', NULL, NULL, '', NULL, 0000000011, 8.90, 'A'),
(0000000596, 'chocolate milo 50 g', 'sobre', '', NULL, NULL, '', NULL, 0000000011, 2.80, 'A'),
(0000000597, 'chocolate milo 400 g', 'lata', '', NULL, NULL, '', NULL, 0000000011, 16.50, 'A'),
(0000000598, 'cebada eco 58 g', 'lata', '', NULL, NULL, '', NULL, 0000000011, 3.00, 'A'),
(0000000599, 'cebada eco 195 g', 'lata', '', NULL, NULL, '', NULL, 0000000011, 6.90, 'A'),
(0000000600, 'mermelada gloria fresa 320 g', 'frasco', '', NULL, NULL, '', NULL, 0000000011, 4.00, 'A'),
(0000000601, 'mermelada gloria fresa 1 Kg', 'frasco', '', NULL, NULL, '', NULL, 0000000011, 8.00, 'A'),
(0000000602, 'cebada kimbo 190 g', 'frasco', '', NULL, NULL, '', NULL, 0000000011, 5.80, 'A'),
(0000000603, 'hierba luisa Mc Collins 25 unds', 'caja', '', NULL, NULL, '', NULL, 0000000012, 2.00, 'A'),
(0000000604, 'manzanilla mc collins 25 unds', 'caja', '', NULL, NULL, '', NULL, 0000000012, 2.00, 'A'),
(0000000605, 'anís mc collins 25 unds', 'caja', '', NULL, NULL, '', NULL, 0000000012, 2.00, 'A'),
(0000000606, 'té mc collins 20 unds', 'caja', '', NULL, NULL, '', NULL, 0000000012, 1.20, 'A'),
(0000000607, 'hierba luisa Mc Collins 1 und', 'sobre', '', NULL, NULL, '', NULL, 0000000012, 0.10, 'A'),
(0000000608, 'manzanilla mc collins 1 und', 'sobre', '', NULL, NULL, '', NULL, 0000000012, 0.10, 'A'),
(0000000609, 'anís mc collins 1 und', 'sobre', '', NULL, NULL, '', NULL, 0000000012, 0.10, 'A'),
(0000000610, 'té mc collins 1 und', 'sobre', '', NULL, NULL, '', NULL, 0000000012, 0.10, 'A'),
(0000000611, 'Animalitos 150 g', 'bolsa', '', NULL, NULL, '', NULL, 0000000004, 1.00, 'A'),
(0000000612, 'Animalitos 60 g', 'bolsa', '', NULL, NULL, '', NULL, 0000000004, 0.50, 'A'),
(0000000613, 'Casino Bum Chocolate', 'paquete', '', NULL, NULL, '', NULL, 0000000004, 0.60, 'A'),
(0000000614, 'Casino Bum Menta', 'paquete', '', NULL, NULL, '', NULL, 0000000004, 0.60, 'A'),
(0000000615, 'Casino Menta', 'paquete', '', NULL, NULL, '', NULL, 0000000004, 0.60, 'A'),
(0000000616, 'Chocman 30 g', 'paquete', '', NULL, NULL, '', NULL, 0000000004, 0.50, 'A'),
(0000000617, 'Chocosoda', 'paquete', '', NULL, NULL, '', NULL, 0000000004, 0.60, 'A'),
(0000000618, 'Chocotravesura', 'bolsa', '', NULL, NULL, '', NULL, 0000000004, 1.00, 'A'),
(0000000619, 'Doña Pepa', 'paquete', '', NULL, NULL, '', NULL, 0000000004, 0.60, 'A'),
(0000000620, 'Full Cherry', 'bolsa', '', NULL, NULL, '', NULL, 0000000004, 0.50, 'A'),
(0000000621, 'Full Limon', 'bolsa', '', NULL, NULL, '', NULL, 0000000004, 0.50, 'A'),
(0000000622, 'Full Mandarina', 'bolsa', '', NULL, NULL, '', NULL, 0000000004, 0.50, 'A'),
(0000000623, 'Glacitas Chocolate', 'paquete', '', NULL, NULL, '', NULL, 0000000004, 0.60, 'A'),
(0000000624, 'Glacitas Choconieve', 'paquete', '', NULL, NULL, '', NULL, 0000000004, 0.60, 'A'),
(0000000625, 'Glacitas Fresa', 'paquete', '', NULL, NULL, '', NULL, 0000000004, 0.60, 'A'),
(0000000626, 'Lentejas 16 g', 'caja', '', NULL, NULL, '', NULL, 0000000004, 1.00, 'A'),
(0000000627, 'Margarita 180 g', 'paquete', '', NULL, NULL, '', NULL, 0000000004, 1.30, 'A'),
(0000000628, 'Margarita 55 g', 'paquete', '', NULL, NULL, '', NULL, 0000000004, 0.50, 'A'),
(0000000629, 'Mentitas', 'bolsa', '', NULL, NULL, '', NULL, 0000000004, 0.50, 'A'),
(0000000630, 'Miniglacitas Chocolate', 'bolsa', '', NULL, NULL, '', NULL, 0000000004, 1.00, 'A'),
(0000000631, 'Miniglacitas Fresa', 'bolsa', '', NULL, NULL, '', NULL, 0000000004, 1.00, 'A'),
(0000000632, 'Miniglacitas Vainilla', 'bolsa', '', NULL, NULL, '', NULL, 0000000004, 1.00, 'A'),
(0000000633, 'Nik Chocolate 24 g', 'paquete', '', NULL, NULL, '', NULL, 0000000004, 0.50, 'A'),
(0000000634, 'Nik Chocolate 77 g', 'paquete', '', NULL, NULL, '', NULL, 0000000004, 1.00, 'A'),
(0000000635, 'Nik Fresa 24 g', 'paquete', '', NULL, NULL, '', NULL, 0000000004, 0.50, 'A'),
(0000000636, 'Nik Fresa 77 g', 'paquete', '', NULL, NULL, '', NULL, 0000000004, 1.00, 'A'),
(0000000637, 'Nik Vainilla 24 g', 'paquete', '', NULL, NULL, '', NULL, 0000000004, 0.50, 'A'),
(0000000638, 'Nik Vainilla 77 g', 'paquete', '', NULL, NULL, '', NULL, 0000000004, 1.00, 'A'),
(0000000639, 'Obsesion', 'paquete', '', NULL, NULL, '', NULL, 0000000004, 0.70, 'A'),
(0000000640, 'Princesa 32 g', 'barra', '', NULL, NULL, '', NULL, 0000000004, 1.00, 'A'),
(0000000641, 'Rellenitas Chocolate 42 g', 'paquete', '', NULL, NULL, '', NULL, 0000000004, 0.40, 'A'),
(0000000642, 'Rellenitas Chocolate Fresa 42 g', 'paquete', '', NULL, NULL, '', NULL, 0000000004, 0.40, 'A'),
(0000000643, 'Rellenitas Coco 42 g', 'paquete', '', NULL, NULL, '', NULL, 0000000004, 0.40, 'A'),
(0000000644, 'Rellenitas Fresa 42 g', 'paquete', '', NULL, NULL, '', NULL, 0000000004, 0.40, 'A'),
(0000000645, 'Rellenitas Menta 42 g', 'paquete', '', NULL, NULL, '', NULL, 0000000004, 0.40, 'A'),
(0000000646, 'Soda Field 146 g', 'paquete', '', NULL, NULL, '', NULL, 0000000004, 2.00, 'A'),
(0000000647, 'Soda Field 34 g', 'paquete', '', NULL, NULL, '', NULL, 0000000004, 0.50, 'A'),
(0000000648, 'Sublime 16 g', 'barra', '', NULL, NULL, '', NULL, 0000000004, 0.60, 'A'),
(0000000649, 'Sublime 30 g', 'barra', '', NULL, NULL, '', NULL, 0000000004, 1.00, 'A'),
(0000000650, 'Sublime 66 g', 'barra', '', NULL, NULL, '', NULL, 0000000004, 2.00, 'A'),
(0000000651, 'Sublime Almendra 24 g', 'bolsa', '', NULL, NULL, '', NULL, 0000000004, 1.00, 'A'),
(0000000652, 'Sublime Almendra 55 g', 'barra', '', NULL, NULL, '', NULL, 0000000004, 2.00, 'A'),
(0000000653, 'Sublime Blanco 30 g', 'barra', '', NULL, NULL, '', NULL, 0000000004, 1.20, 'A'),
(0000000654, 'Triangulo 32 g', 'barra', '', NULL, NULL, '', NULL, 0000000004, 1.20, 'A'),
(0000000655, 'Triangulo Doble Sensación 40 g', 'barra', '', NULL, NULL, '', NULL, 0000000004, 2.00, 'A'),
(0000000656, 'Vainilla Field 146 g', 'paquete', '', NULL, NULL, '', NULL, 0000000004, 2.00, 'A'),
(0000000657, 'Vainilla Field 34 g', 'paquete', '', NULL, NULL, '', NULL, 0000000004, 0.50, 'A'),
(0000000658, 'Vizzio (más grande)', 'caja', '', NULL, NULL, '', NULL, 0000000004, 7.90, 'A'),
(0000000659, 'Vizzio 182 g', 'lata', '', NULL, NULL, '', NULL, 0000000004, 13.50, 'A'),
(0000000660, 'Vizzio 24 g', 'bolsa', '', NULL, NULL, '', NULL, 0000000004, 1.00, 'A'),
(0000000661, 'Vizzio 72 g', 'caja', '', NULL, NULL, '', NULL, 0000000004, 3.90, 'A'),
(0000000662, 'Vizzio Bombóm 96 g', 'caja', '', NULL, NULL, '', NULL, 0000000004, 13.50, 'A'),
(0000000663, 'Leche Chocolatada Chicolac 145 g', 'sachet', '', NULL, NULL, '', NULL, 0000000003, 0.50, 'A'),
(0000000664, 'Gloria Calcio 170 g', 'lata', '', NULL, NULL, '', NULL, 0000000003, 1.80, 'A'),
(0000000665, 'Gloria Chocolatada 180 ml', 'caja', '', NULL, NULL, '', NULL, 0000000003, 1.20, 'A'),
(0000000666, 'Gloria Deslactosada 170 g', 'lata', '', NULL, NULL, '', NULL, 0000000003, 1.80, 'A'),
(0000000667, 'Gloria Light 1 L', 'caja', '', NULL, NULL, '', NULL, 0000000003, 4.20, 'A'),
(0000000668, 'Leche Condensada Gloria 395 g', 'lata', '', NULL, NULL, '', NULL, 0000000003, 4.80, 'A'),
(0000000669, 'Leche Condensada Nestlé 100 g', 'lata', '', NULL, NULL, '', NULL, 0000000003, 2.00, 'A'),
(0000000670, 'Leche Condensada Nestlé 397 g', 'lata', '', NULL, NULL, '', NULL, 0000000003, 5.20, 'A'),
(0000000671, 'Leche Gloria Azul 1 L', 'caja', '', NULL, NULL, '', NULL, 0000000003, 3.80, 'A'),
(0000000672, 'Leche Gloria Azul 170 g', 'lata', '', NULL, NULL, '', NULL, 0000000003, 1.70, 'A'),
(0000000673, 'Leche Gloria Azul 400 g', 'lata', '', NULL, NULL, '', NULL, 0000000003, 3.00, 'A'),
(0000000674, 'Leche Gloria Calcio 1 L', 'caja', '', NULL, NULL, '', NULL, 0000000003, 4.20, 'A'),
(0000000675, 'Leche Gloria Calcio 400 g', 'lata', '', NULL, NULL, '', NULL, 0000000003, 3.20, 'A'),
(0000000676, 'Leche Gloria Chocolatada 1 L', 'caja', '', NULL, NULL, '', NULL, 0000000003, 4.20, 'A'),
(0000000677, 'Leche Gloria Deslactosada 1 L', 'caja', '', NULL, NULL, '', NULL, 0000000003, 4.00, 'A'),
(0000000678, 'Leche Gloria Deslactosada 400 g', 'lata', '', NULL, NULL, '', NULL, 0000000003, 3.20, 'A'),
(0000000679, 'Leche Gloria Light 170 g', 'lata', '', NULL, NULL, '', NULL, 0000000003, 1.80, 'A'),
(0000000680, 'Leche Gloria Light 400 g', 'lata', '', NULL, NULL, '', NULL, 0000000003, 3.20, 'A'),
(0000000681, 'Leche Gloria Niños 1 L', 'caja', '', NULL, NULL, '', NULL, 0000000003, 4.20, 'A'),
(0000000682, 'Leche Gloria Niños 170 g', 'lata', '', NULL, NULL, '', NULL, 0000000003, 1.80, 'A'),
(0000000683, 'Leche Gloria Niños 400 g', 'lata', '', NULL, NULL, '', NULL, 0000000003, 3.20, 'A'),
(0000000684, 'Leche Ideal Amanecer 400 g', 'lata', '', NULL, NULL, '', NULL, 0000000003, 2.30, 'A'),
(0000000685, 'Leche Ideal Cremosita 400 g', 'lata', '', NULL, NULL, '', NULL, 0000000003, 3.00, 'A'),
(0000000686, 'Leche Laive Chocolatada 180 g', 'caja', '', NULL, NULL, '', NULL, 0000000003, 1.20, 'A'),
(0000000687, 'Leche Laive Deslactosada 1 L', 'caja', '', NULL, NULL, '', NULL, 0000000003, 4.00, 'A'),
(0000000688, 'Leche Laive Deslactosada 400 g', 'caja', '', NULL, NULL, '', NULL, 0000000003, 3.20, 'A'),
(0000000689, 'Leche Laive Familia 500 g', 'caja', '', NULL, NULL, '', NULL, 0000000003, 2.60, 'A'),
(0000000690, 'Leche Nan 2 Años 400 g', 'lata', '', NULL, NULL, '', NULL, 0000000003, 4.20, 'A'),
(0000000691, 'Leche Nan 3 Años 400 g', 'lata', '', NULL, NULL, '', NULL, 0000000003, 3.80, 'A'),
(0000000692, 'Leche Pura Vida 170 g', 'lata', '', NULL, NULL, '', NULL, 0000000003, 1.20, 'A'),
(0000000693, 'Leche Pura Vida 400 g', 'lata', '', NULL, NULL, '', NULL, 0000000003, 2.30, 'A'),
(0000000694, 'Leche Soyvida 170 g', 'lata', '', NULL, NULL, '', NULL, 0000000003, 0.80, 'A'),
(0000000695, 'Leche Soyvida 400 g', 'lata', '', NULL, NULL, '', NULL, 0000000003, 1.50, 'A'),
(0000000696, 'yogurt gloria fresa 190 g', 'botella', '', NULL, NULL, '', NULL, 0000000003, 1.00, 'A'),
(0000000697, 'yogurt gloria fresa 500 g', 'botella', '', NULL, NULL, '', NULL, 0000000003, 3.00, 'A'),
(0000000698, 'yogurt gloria durazno 190 g', 'botella', '', NULL, NULL, '', NULL, 0000000003, 1.00, 'A'),
(0000000699, 'yogurt gloria durazno 500 g', 'botella', '', NULL, NULL, '', NULL, 0000000003, 3.00, 'A'),
(0000000700, 'yogurt gloria vainilla 190 g', 'botella', '', NULL, NULL, '', NULL, 0000000003, 1.00, 'A'),
(0000000701, 'yogurt gloria vainilla 500 g', 'botella', '', NULL, NULL, '', NULL, 0000000003, 3.00, 'A'),
(0000000702, 'yogurt gloria lúcuma 190 g', 'botella', '', NULL, NULL, '', NULL, 0000000003, 1.00, 'A'),
(0000000703, 'yogurt gloria lúcuma 500 g', 'botella', '', NULL, NULL, '', NULL, 0000000003, 3.00, 'A'),
(0000000704, 'yogurt gloria guanábana 190 g', 'botella', '', NULL, NULL, '', NULL, 0000000003, 1.00, 'A'),
(0000000705, 'yogurt gloria  guanábana 500 g', 'botella', '', NULL, NULL, '', NULL, 0000000003, 3.00, 'A'),
(0000000706, 'yogurt gloria fresa 1 Kg', 'botella', '', NULL, NULL, '', NULL, 0000000003, 5.00, 'A'),
(0000000707, 'yogurt gloria durazno 1 Kg', 'botella', '', NULL, NULL, '', NULL, 0000000003, 5.00, 'A'),
(0000000708, 'yogurt gloria vainilla 1 Kg', 'botella', '', NULL, NULL, '', NULL, 0000000003, 5.00, 'A'),
(0000000709, 'yogurt gloria lúcuma 1 Kg', 'botella', '', NULL, NULL, '', NULL, 0000000003, 5.00, 'A'),
(0000000710, 'yogurt gloria guanábana 1 Kg', 'botella', '', NULL, NULL, '', NULL, 0000000003, 5.00, 'A'),
(0000000711, 'yogurt gloria acti bio granadilla con linasa ', 'botella', '', NULL, NULL, '', NULL, 0000000003, 3.50, 'A'),
(0000000712, 'yogurt gloria acti bio fresa con linasa 500 g', 'botella', '', NULL, NULL, '', NULL, 0000000003, 3.50, 'A'),
(0000000713, 'yogurt gloria acti bio frutos secos con linas', 'botella', '', NULL, NULL, '', NULL, 0000000003, 3.50, 'A'),
(0000000714, 'yogurt gloria acti bio granadilla con linasa ', 'botella', '', NULL, NULL, '', NULL, 0000000003, 5.50, 'A'),
(0000000715, 'yogurt gloria acti bio fresa con linasa 1 Kg', 'botella', '', NULL, NULL, '', NULL, 0000000003, 5.50, 'A'),
(0000000716, 'yogurt gloria acti bio frutos secos con linas', 'botella', '', NULL, NULL, '', NULL, 0000000003, 5.50, 'A'),
(0000000717, 'yogurt gloria batimix con ojuelas azucaradas ', 'botella', '', NULL, NULL, '', NULL, 0000000003, 3.50, 'A'),
(0000000718, 'yogurt gloria batimix con bolitas de chocolat', 'botella', '', NULL, NULL, '', NULL, 0000000003, 3.50, 'A'),
(0000000719, 'yogurt laive fresa 190 g', 'botella', '', NULL, NULL, '', NULL, 0000000003, 1.00, 'A'),
(0000000720, 'yogurt laive fresa 500 g', 'botella', '', NULL, NULL, '', NULL, 0000000003, 3.00, 'A'),
(0000000721, 'yogurt laive durazno 190 g', 'botella', '', NULL, NULL, '', NULL, 0000000003, 1.00, 'A'),
(0000000722, 'yogurt laive durazno 500 g', 'botella', '', NULL, NULL, '', NULL, 0000000003, 3.00, 'A'),
(0000000723, 'yogurt laive vainilla 190 g', 'botella', '', NULL, NULL, '', NULL, 0000000003, 1.00, 'A'),
(0000000724, 'yogurt laive vainilla 500 g', 'botella', '', NULL, NULL, '', NULL, 0000000003, 3.00, 'A'),
(0000000725, 'yogurt laive lúcuma 190 g', 'botella', '', NULL, NULL, '', NULL, 0000000003, 1.00, 'A'),
(0000000726, 'yogurt laive lúcuma 500 g', 'botella', '', NULL, NULL, '', NULL, 0000000003, 3.00, 'A'),
(0000000727, 'yogurt laive guanábana 190 g', 'botella', '', NULL, NULL, '', NULL, 0000000003, 1.00, 'A'),
(0000000728, 'yogurt laive  guanábana 500 g', 'botella', '', NULL, NULL, '', NULL, 0000000003, 3.00, 'A'),
(0000000729, 'yogurt laive fresa 1 Kg', 'botella', '', NULL, NULL, '', NULL, 0000000003, 5.00, 'A'),
(0000000730, 'yogurt laive durazno 1 Kg', 'botella', '', NULL, NULL, '', NULL, 0000000003, 5.00, 'A'),
(0000000731, 'yogurt laive vainilla 1 Kg', 'botella', '', NULL, NULL, '', NULL, 0000000003, 5.00, 'A'),
(0000000732, 'yogurt laive lúcuma 1 Kg', 'botella', '', NULL, NULL, '', NULL, 0000000003, 5.00, 'A'),
(0000000733, 'yogurt laive guanábana 1 Kg', 'botella', '', NULL, NULL, '', NULL, 0000000003, 5.00, 'A'),
(0000000734, 'yogurt laive laivemix con ojuelas azucaradas ', 'botella', '', NULL, NULL, '', NULL, 0000000003, 3.50, 'A'),
(0000000735, 'yogurt laive laivemix con bolitas de chocolat', 'botella', '', NULL, NULL, '', NULL, 0000000003, 3.50, 'A'),
(0000000736, 'yogurt laive yopimix con ojuelas azucaradas 1', 'botella', '', NULL, NULL, '', NULL, 0000000003, 1.50, 'A'),
(0000000737, 'yogurt laive yopimix con bolitas de chocolate', 'botella', '', NULL, NULL, '', NULL, 0000000003, 1.50, 'A'),
(0000000738, 'Leche Chocolatada Chicolac 180 ml', 'caja', '', NULL, NULL, '', NULL, 0000000003, 1.20, 'A'),
(0000000739, 'Leche Chocolatada UHT Laive 180 ml', 'caja', '', NULL, NULL, '', NULL, 0000000003, 1.20, 'A'),
(0000000740, 'Leche Gloria UHT Entera 1 L', 'caja', '', NULL, NULL, '', NULL, 0000000003, 4.00, 'A'),
(0000000741, 'Leche Gloria UHT Deslactosada 1 L', 'caja', '', NULL, NULL, '', NULL, 0000000003, 4.20, 'A'),
(0000000742, 'Leche Gloria UHT Light 1 L', 'caja', '', NULL, NULL, '', NULL, 0000000003, 4.20, 'A'),
(0000000743, 'Leche Gloria UHT Niños 1 L', 'caja', '', NULL, NULL, '', NULL, 0000000003, 4.20, 'A'),
(0000000744, 'Leche Gloria UHT Calcio + Hierro 1 L', 'caja', '', NULL, NULL, '', NULL, 0000000003, 4.20, 'A'),
(0000000745, 'Leche Gloria UHT Chocolatada 1 L', 'caja', '', NULL, NULL, '', NULL, 0000000003, 4.20, 'A'),
(0000000746, 'Anís Najar Crema Especial 750 ml', 'botella', '', NULL, NULL, '', NULL, 0000000005, 35.00, 'A'),
(0000000747, 'Anís Najar Seco Especial 750 ml', 'botella', '', NULL, NULL, '', NULL, 0000000005, 31.00, 'A'),
(0000000748, 'Anís Najar Semi Dulce Especial 750 ml', 'botella', '', NULL, NULL, '', NULL, 0000000005, 31.00, 'A'),
(0000000749, 'Anisado Torre Blanca 250 ml', 'botella', '', NULL, NULL, '', NULL, 0000000005, 5.50, 'A'),
(0000000750, 'Anisado Torre Blanca 750 ml', 'botella', '', NULL, NULL, '', NULL, 0000000005, 12.00, 'A'),
(0000000751, 'Coctel Bercheva Café 750 ml', 'botella', '', NULL, NULL, '', NULL, 0000000005, 16.00, 'A'),
(0000000752, 'Coctel Bercheva Leche 750 ml', 'botella', '', NULL, NULL, '', NULL, 0000000005, 16.00, 'A'),
(0000000753, 'Coctel Piconi Cacao 750 ml', 'botella', '', NULL, NULL, '', NULL, 0000000005, 21.60, 'A'),
(0000000754, 'Coctel Piconi Café 750 ml', 'botella', '', NULL, NULL, '', NULL, 0000000005, 21.60, 'A'),
(0000000755, 'Coctel Thiago Café 750 ml', 'botella', '', NULL, NULL, '', NULL, 0000000005, 18.90, 'A'),
(0000000756, 'Crema de Whisky Baileys 750 ml', 'botella', '', NULL, NULL, '', NULL, 0000000005, 56.50, 'A'),
(0000000757, 'Dry Gin Paramonga Gin Seco 750 ml', 'botella', '', NULL, NULL, '', NULL, 0000000005, 18.50, 'A'),
(0000000758, 'Espumante Tabernero Especial 750 ml', 'botella', '', NULL, NULL, '', NULL, 0000000005, 15.50, 'A'),
(0000000759, 'Licor de Menta Le Mans 750 ml', 'botella', '', NULL, NULL, '', NULL, 0000000005, 16.00, 'A'),
(0000000760, 'Licor de Menta Tres Plumas 750 ml', 'botella', '', NULL, NULL, '', NULL, 0000000005, 25.00, 'A'),
(0000000761, 'Licor de Ron 750 ml', 'botella', '', NULL, NULL, '', NULL, 0000000005, 22.00, 'A'),
(0000000762, 'Pisco Del Fino Quebranta 750 ml', 'botella', '', NULL, NULL, '', NULL, 0000000005, 20.90, 'A'),
(0000000763, 'Pisco Rotondo Acholado', 'botella', '', NULL, NULL, '', NULL, 0000000005, 43.00, 'A'),
(0000000764, 'Pisco Rotondo Italia', 'botella', '', NULL, NULL, '', NULL, 0000000005, 43.00, 'A'),
(0000000765, 'Pisco Rotondo Quebranta', 'botella', '', NULL, NULL, '', NULL, 0000000005, 43.00, 'A'),
(0000000766, 'Pisco Santiago Queirolo Acholado', 'bolsa', '', NULL, NULL, '', NULL, 0000000005, 31.00, 'A'),
(0000000767, 'Pisco Santiago Queirolo Italia', 'bolsa', '', NULL, NULL, '', NULL, 0000000005, 29.50, 'A'),
(0000000768, 'Pisco Santiago Queirolo Quebranta', 'botella', '', NULL, NULL, '', NULL, 0000000005, 31.00, 'A'),
(0000000769, 'Pisco Tabernero Acholado 750 ml', 'botella', '', NULL, NULL, '', NULL, 0000000005, 31.50, 'A'),
(0000000770, 'Pisco Tabernero Italia 750 ml', 'botella', '', NULL, NULL, '', NULL, 0000000005, 31.50, 'A'),
(0000000771, 'Pisco Tabernero Quebranta 750 ml', 'botella', '', NULL, NULL, '', NULL, 0000000005, 31.50, 'A'),
(0000000772, 'Pisco Vargas 125 ml', 'botella', '', NULL, NULL, '', NULL, 0000000005, 5.50, 'A'),
(0000000773, 'Pisco Vargas 750 ml', 'botella', '', NULL, NULL, '', NULL, 0000000005, 24.00, 'A'),
(0000000774, 'Pisco Viña La Esperanza Quebranta 750 ml', 'botella', '', NULL, NULL, '', NULL, 0000000005, 20.50, 'A'),
(0000000775, 'Ron Apleton Special 1 L', 'botella', '', NULL, NULL, '', NULL, 0000000005, 29.50, 'A'),
(0000000776, 'Ron Apleton Special 200 ml', 'botella', '', NULL, NULL, '', NULL, 0000000005, 10.00, 'A'),
(0000000777, 'Ron Apleton Special 750 ml', 'botella', '', NULL, NULL, '', NULL, 0000000005, 27.50, 'A'),
(0000000778, 'Ron Barceló Añejo', 'caja', '', NULL, NULL, '', NULL, 0000000005, 36.00, 'A'),
(0000000779, 'Ron Cabo Blanco Black 375 ml', 'botella', '', NULL, NULL, '', NULL, 0000000005, 7.50, 'A'),
(0000000780, 'Ron Cabo Blanco Black 750 ml', 'botella', '', NULL, NULL, '', NULL, 0000000005, 12.50, 'A'),
(0000000781, 'Ron Cabo Blanco Durazno 750 ml', 'botella', '', NULL, NULL, '', NULL, 0000000005, 12.50, 'A'),
(0000000782, 'Ron Cabo Blanco Limón 750 ml', 'botella', '', NULL, NULL, '', NULL, 0000000005, 12.50, 'A'),
(0000000783, 'Ron Cabo Blanco Silver 750 ml', 'botella', '', NULL, NULL, '', NULL, 0000000005, 12.50, 'A'),
(0000000784, 'Ron Cartavio 3 Años', 'botella', '', NULL, NULL, '', NULL, 0000000005, 25.00, 'A'),
(0000000785, 'Ron Cartavio 5 Años', 'botella', '', NULL, NULL, '', NULL, 0000000005, 25.00, 'A'),
(0000000786, 'Ron Cartavio Black 1 L', 'botella', '', NULL, NULL, '', NULL, 0000000005, 22.00, 'A'),
(0000000787, 'Ron Cartavio Black 125 ml', 'botella', '', NULL, NULL, '', NULL, 0000000005, 5.00, 'A'),
(0000000788, 'Ron Cartavio Black 250 ml', 'botella', '', NULL, NULL, '', NULL, 0000000005, 7.50, 'A'),
(0000000789, 'Ron Cartavio Black 750 ml', 'botella', '', NULL, NULL, '', NULL, 0000000005, 18.50, 'A'),
(0000000790, 'Ron Cartavio Blanco 125 ml', 'botella', '', NULL, NULL, '', NULL, 0000000005, 5.00, 'A'),
(0000000791, 'Ron Cartavio Blanco 250 ml', 'botella', '', NULL, NULL, '', NULL, 0000000005, 7.00, 'A'),
(0000000792, 'Ron Cartavio Blanco 750 ml', 'botella', '', NULL, NULL, '', NULL, 0000000005, 16.00, 'A'),
(0000000793, 'Ron Cartavio Selecto 5 años 750 ml', 'botella', '', NULL, NULL, '', NULL, 0000000005, 23.00, 'A'),
(0000000794, 'Ron Cartavio Solera 12 Años 750 ml', 'botella', '', NULL, NULL, '', NULL, 0000000005, 72.00, 'A'),
(0000000795, 'Ron Cartavio Superior 1 L', 'botella', '', NULL, NULL, '', NULL, 0000000005, 19.50, 'A'),
(0000000796, 'Ron Cartavio Superior 125 ml', 'botella', '', NULL, NULL, '', NULL, 0000000005, 5.00, 'A'),
(0000000797, 'Ron Cartavio Superior 250 ml', 'botella', '', NULL, NULL, '', NULL, 0000000005, 7.00, 'A'),
(0000000798, 'Ron Cartavio Superior 750 ml', 'botella', '', NULL, NULL, '', NULL, 0000000005, 15.50, 'A'),
(0000000799, 'Ron Flor De Caña 5 Años 200 ml', 'botella', '', NULL, NULL, '', NULL, 0000000005, 11.50, 'A'),
(0000000800, 'Ron Flor De Caña 5 Años 750 ml', 'botella', '', NULL, NULL, '', NULL, 0000000005, 42.50, 'A'),
(0000000801, 'Ron Flor De Caña 7 Años 750 ml', 'botella', '', NULL, NULL, '', NULL, 0000000005, 67.50, 'A'),
(0000000802, 'Ron Kankun Durazno', 'botella', '', NULL, NULL, '', NULL, 0000000005, 14.50, 'A'),
(0000000803, 'Ron Kankun Limón', 'botella', '', NULL, NULL, '', NULL, 0000000005, 14.50, 'A'),
(0000000804, 'Ron Kankun Oro', 'botella', '', NULL, NULL, '', NULL, 0000000005, 14.50, 'A'),
(0000000805, 'Ron Medellin Añejo 3 Años 750 ml', 'botella', '', NULL, NULL, '', NULL, 0000000005, 23.00, 'A'),
(0000000806, 'Ron Pomalca Oro Añejo 250 ml', 'botella', '', NULL, NULL, '', NULL, 0000000005, 6.50, 'A'),
(0000000807, 'Ron Pomalca Oro Añejo 750 ml', 'botella', '', NULL, NULL, '', NULL, 0000000005, 15.50, 'A'),
(0000000808, 'Ron Pomalca Special Black 3 Años 1 L', 'botella', '', NULL, NULL, '', NULL, 0000000005, 20.00, 'A'),
(0000000809, 'Sangría Tabernero', 'caja', '', NULL, NULL, '', NULL, 0000000005, 11.50, 'A'),
(0000000810, 'Tequila José Cuervo Black 750 ml', 'botella', '', NULL, NULL, '', NULL, 0000000005, 64.50, 'A'),
(0000000811, 'Vino Blanco Clos', 'caja', '', NULL, NULL, '', NULL, 0000000005, 11.00, 'A'),
(0000000812, 'Vino Blanco Gato Negro', 'caja', '', NULL, NULL, '', NULL, 0000000005, 11.00, 'A'),
(0000000813, 'Vino Blanco Zumuva', 'caja', '', NULL, NULL, '', NULL, 0000000005, 11.00, 'A'),
(0000000814, 'Vino Ocucaje El Abuelo', 'botella', '', NULL, NULL, '', NULL, 0000000005, 23.50, 'A'),
(0000000815, 'Vino Oporto Tres Piernas', 'botella', '', NULL, NULL, '', NULL, 0000000005, 17.50, 'A'),
(0000000816, 'Vino Santiago Queirolo Blanco 750 ml', 'botella', '', NULL, NULL, '', NULL, 0000000005, 17.00, 'A'),
(0000000817, 'Vino Santiago Queirolo Borgoña 750 ml', 'botella', '', NULL, NULL, '', NULL, 0000000005, 17.00, 'A'),
(0000000818, 'Vino Santiago Queirolo Magdalena 750 ml', 'botella', '', NULL, NULL, '', NULL, 0000000005, 17.00, 'A'),
(0000000819, 'Vino Santiago Queirolo Rose Semi Seco 750 ml', 'botella', '', NULL, NULL, '', NULL, 0000000005, 17.00, 'A'),
(0000000820, 'Vino Señorío de Najar Borgoña 750 ml', 'botella', '', NULL, NULL, '', NULL, 0000000005, 19.50, 'A'),
(0000000821, 'Vino Tabernero Blanco 750 ml', 'botella', '', NULL, NULL, '', NULL, 0000000005, 18.50, 'A'),
(0000000822, 'Vino Tabernero Borgoña 187.5 ml', 'botella', '', NULL, NULL, '', NULL, 0000000005, 4.50, 'A'),
(0000000823, 'Vino Tabernero Borgoña 750 ml', 'botella', '', NULL, NULL, '', NULL, 0000000005, 17.50, 'A'),
(0000000824, 'Vino Tabernero Rose Semi Seco 750 ml', 'botella', '', NULL, NULL, '', NULL, 0000000005, 17.50, 'A'),
(0000000825, 'Vino Tacama Blanco 750 ml', 'botella', '', NULL, NULL, '', NULL, 0000000005, 21.00, 'A'),
(0000000826, 'Vino Tacama Rose Semi Seco 750 ml', 'botella', '', NULL, NULL, '', NULL, 0000000005, 21.00, 'A'),
(0000000827, 'Vino Tacama Tinto 750 ml', 'botella', '', NULL, NULL, '', NULL, 0000000005, 21.00, 'A'),
(0000000828, 'Vino Tinto Clos', 'caja', '', NULL, NULL, '', NULL, 0000000005, 11.00, 'A'),
(0000000829, 'Vino Tinto Gato Negro', 'caja', '', NULL, NULL, '', NULL, 0000000005, 11.00, 'A'),
(0000000830, 'Vino Tinto Zumuva', 'caja', '', NULL, NULL, '', NULL, 0000000005, 11.00, 'A'),
(0000000831, 'Vino Viña Los Reyes Borgoña 187.5 ml', 'botella', '', NULL, NULL, '', NULL, 0000000005, 4.50, 'A'),
(0000000832, 'Vodka Premium Stolichnaya 750 ml', 'botella', '', NULL, NULL, '', NULL, 0000000005, 35.00, 'A'),
(0000000833, 'Vodka Russkaya Citrus', 'botella', '', NULL, NULL, '', NULL, 0000000005, 19.50, 'A'),
(0000000834, 'Vodka Russkaya Clásico', 'botella', '', NULL, NULL, '', NULL, 0000000005, 18.50, 'A'),
(0000000835, 'Vodka Sky', 'botella', '', NULL, NULL, '', NULL, 0000000005, 42.00, 'A'),
(0000000836, 'Whisky Ballantines 750 ml', 'botella', '', NULL, NULL, '', NULL, 0000000005, 52.00, 'A'),
(0000000837, 'Whisky Chivas 12 Años', 'botella', '', NULL, NULL, '', NULL, 0000000005, 99.99, 'A'),
(0000000838, 'Whisky Jhonnie Walker Black Label 12 Años 750', 'botella', '', NULL, NULL, '', NULL, 0000000005, 99.99, 'A'),
(0000000839, 'Whisky Jhonnie Walker Double Black', 'botella', '', NULL, NULL, '', NULL, 0000000005, 99.99, 'A'),
(0000000840, 'Whisky Jhonnie Walker Red Label', 'botella', '', NULL, NULL, '', NULL, 0000000005, 58.00, 'A'),
(0000000841, 'Whisky Old Times Red 750 ml', 'botella', '', NULL, NULL, '', NULL, 0000000005, 30.00, 'A'),
(0000000842, 'Whisky Something Special 750 ml', 'botella', '', NULL, NULL, '', NULL, 0000000005, 55.00, 'A'),
(0000000843, 'Whisky Vat 69 750 ml', 'botella', '', NULL, NULL, '', NULL, 0000000005, 30.00, 'A'),
(0000000844, 'Whisky White Horse 750 ml', 'botella', '', NULL, NULL, '', NULL, 0000000005, 64.00, 'A'),
(0000000845, 'Vino De La Mancha Borgoña 750 ml', 'botella', '', NULL, NULL, '', NULL, 0000000005, 17.50, 'A'),
(0000000846, 'Vino De La Mancha Rose 750 ml', 'botella', '', NULL, NULL, '', NULL, 0000000005, 17.50, 'A'),
(0000000847, 'Vino Astica Trapiche 750 ml', 'botella', '', NULL, NULL, '', NULL, 0000000005, 20.00, 'A'),
(0000000848, 'Vino Frontera Chile Cabernet Sauvignon 750 ml', 'botella', '', NULL, NULL, '', NULL, 0000000005, 16.00, 'A'),
(0000000849, 'Vino Casillero Del Diablo Cabernet Sauvignon ', 'botella', '', NULL, NULL, '', NULL, 0000000005, 28.00, 'A'),
(0000000850, 'Crema de Ron Cartavio 750 ml', 'botella', '', NULL, NULL, '', NULL, 0000000005, 23.50, 'A'),
(0000000851, 'Cerveza cristal 650 ml', 'botella', '', NULL, NULL, '', NULL, 0000000005, 4.20, 'A'),
(0000000852, 'cerveza cusqueña malta 620 ml', 'botella', '', NULL, NULL, '', NULL, 0000000005, 5.00, 'A'),
(0000000853, 'cerveza cusqueña dorada 620 ml', 'botella', '', NULL, NULL, '', NULL, 0000000005, 4.50, 'A'),
(0000000854, 'cerveza pilsen callao 630 ml', 'botella', '', NULL, NULL, '', NULL, 0000000005, 4.20, 'A'),
(0000000855, 'cerveza cusqueña trigo 620 ml', 'botella', '', NULL, NULL, '', NULL, 0000000005, 5.00, 'A'),
(0000000856, 'cerveza cusqueña red lager 620 ml', 'botella', '', NULL, NULL, '', NULL, 0000000005, 5.00, 'A'),
(0000000857, 'cerveza cristal 473 ml', 'lata', '', NULL, NULL, '', NULL, 0000000005, 3.50, 'A'),
(0000000858, 'cerveza pilsen callao 473 ml', 'lata', '', NULL, NULL, '', NULL, 0000000005, 3.50, 'A'),
(0000000859, 'cerveza cusqueña dorada 455 ml', 'lata', '', NULL, NULL, '', NULL, 0000000005, 3.50, 'A'),
(0000000860, 'cerveza backus ice 355 ml', 'lata', '', NULL, NULL, '', NULL, 0000000005, 3.00, 'A'),
(0000000861, 'cerveza malta 330 ml no retornable', 'botella', '', NULL, NULL, '', NULL, 0000000005, 3.80, 'A'),
(0000000862, 'cerveza cristal 330 ml', 'lata', '', NULL, NULL, '', NULL, 0000000005, 3.00, 'A'),
(0000000863, 'cerveza pilsen callao 330 ml', 'lata', '', NULL, NULL, '', NULL, 0000000005, 3.00, 'A'),
(0000000864, 'cerveza miller 355 ml no retornable', 'botella', '', NULL, NULL, '', NULL, 0000000005, 4.20, 'A'),
(0000000865, 'Detergente Ace Aroma Zen 2.3 Kg', 'bolsa', '', NULL, NULL, '', NULL, 0000000001, 28.50, 'A'),
(0000000866, 'Detergente Marsella Max 2.6 Kg', 'bolsa', '', NULL, NULL, '', NULL, 0000000001, 18.60, 'A'),
(0000000867, 'Detergente Opal Ultra 2.6 Kg', 'bolsa', '', NULL, NULL, '', NULL, 0000000001, 21.50, 'A'),
(0000000868, 'Detergente Magia Blanca 3 en 1 2.6 Kg', 'bolsa', '', NULL, NULL, '', NULL, 0000000001, 18.60, 'A'),
(0000000869, 'Detergente Marsella Max 850 g', 'bolsa', '', NULL, NULL, '', NULL, 0000000001, 5.70, 'A'),
(0000000870, 'Detergente Ariel Líquido Con Downy 1 L', 'botella', '', NULL, NULL, '', NULL, 0000000001, 16.00, 'A'),
(0000000871, 'Detergente Ariel Líquido Nueva Fórmula 1 L', 'botella', '', NULL, NULL, '', NULL, 0000000001, 16.00, 'A'),
(0000000872, 'Detergente Ace Blancos Diamante 1 L', 'botella', '', NULL, NULL, '', NULL, 0000000001, 15.00, 'A'),
(0000000873, 'Detergente Ariel Líquido 450 ml', 'sachet', '', NULL, NULL, '', NULL, 0000000001, 6.50, 'A'),
(0000000874, 'Enjuague Downy 450 ml', 'botella', '', NULL, NULL, '', NULL, 0000000001, 4.00, 'A'),
(0000000875, 'Enjuague Amor 180 ml', 'botella', '', NULL, NULL, '', NULL, 0000000001, 2.00, 'A'),
(0000000876, 'Detergente Caricia 100 g', 'bolsa', '', NULL, NULL, '', NULL, 0000000001, 2.00, 'A'),
(0000000877, 'Detergente Ariel 520 g', 'bolsa', '', NULL, NULL, '', NULL, 0000000001, 5.00, 'A'),
(0000000878, 'Detergente Ace 520 g', 'bolsa', '', NULL, NULL, '', NULL, 0000000001, 4.00, 'A'),
(0000000879, 'Detergente Bolívar 520 g', 'bolsa', '', NULL, NULL, '', NULL, 0000000001, 4.00, 'A'),
(0000000880, 'Detergente Bolívar Matic 520 g', 'bolsa', '', NULL, NULL, '', NULL, 0000000001, 5.00, 'A'),
(0000000881, 'Detergente Marsella Max 520 g', 'bolsa', '', NULL, NULL, '', NULL, 0000000001, 3.70, 'A'),
(0000000882, 'Detergente Ariel 360 g', 'bolsa', '', NULL, NULL, '', NULL, 0000000001, 4.20, 'A'),
(0000000883, 'Detergente Ace 360 g', 'bolsa', '', NULL, NULL, '', NULL, 0000000001, 3.00, 'A'),
(0000000884, 'Detergente Bolívar Matic 360 g', 'bolsa', '', NULL, NULL, '', NULL, 0000000001, 3.50, 'A'),
(0000000885, 'Detergente Bolívar 360 g', 'bolsa', '', NULL, NULL, '', NULL, 0000000001, 3.00, 'A'),
(0000000886, 'Detergente Opal Ultra 2 en 1 360 g', 'bolsa', '', NULL, NULL, '', NULL, 0000000001, 3.00, 'A'),
(0000000887, 'Detergente Opal Ultra 360 g', 'bolsa', '', NULL, NULL, '', NULL, 0000000001, 2.70, 'A'),
(0000000888, 'Detergente Magia Blanca 160 g', 'bolsa', '', NULL, NULL, '', NULL, 0000000001, 1.10, 'A'),
(0000000889, 'Detergente Patito 150 g', 'bolsa', '', NULL, NULL, '', NULL, 0000000001, 1.00, 'A'),
(0000000890, 'Detergente Magia Blanca Bebé 3 en 1 150 g', 'bolsa', '', NULL, NULL, '', NULL, 0000000001, 1.10, 'A'),
(0000000891, 'Detergente Ace Limón 160 g', 'bolsa', '', NULL, NULL, '', NULL, 0000000001, 1.50, 'A'),
(0000000892, 'Detergente Ariel 90 g', 'bolsa', '', NULL, NULL, '', NULL, 0000000001, 1.00, 'A'),
(0000000893, 'Detergente Marsella Max 160 g', 'bolsa', '', NULL, NULL, '', NULL, 0000000001, 1.30, 'A'),
(0000000894, 'Detergente Opal Ultra 160 g', 'bolsa', '', NULL, NULL, '', NULL, 0000000001, 1.30, 'A'),
(0000000895, 'Detergente Bolívar Negros Intensos 360 g', 'bolsa', '', NULL, NULL, '', NULL, 0000000001, 3.50, 'A'),
(0000000896, 'Detergente Bolívar Blancos Perfectos 360 g', 'bolsa', '', NULL, NULL, '', NULL, 0000000001, 3.50, 'A'),
(0000000897, 'Detergente Bolívar Color 360 g', 'bolsa', '', NULL, NULL, '', NULL, 0000000001, 3.50, 'A'),
(0000000898, 'Detergente Ariel 160 g', 'bolsa', '', NULL, NULL, '', NULL, 0000000001, 1.90, 'A'),
(0000000899, 'Detergente Magia Blanca Bebé 3 en 1 360 g', 'bolsa', '', NULL, NULL, '', NULL, 0000000001, 2.70, 'A'),
(0000000900, 'Detergente Magia Blanca 520 g', 'bolsa', '', NULL, NULL, '', NULL, 0000000001, 3.50, 'A'),
(0000000901, 'Lavavajillas Ayudín Repuesto 150 g', 'pote', '', NULL, NULL, '', NULL, 0000000001, 1.00, 'A'),
(0000000902, 'Lavavajillas Ayudín 180 g', 'pote', '', NULL, NULL, '', NULL, 0000000001, 1.50, 'A'),
(0000000903, 'Lavavajillas Ayudín 330 g', 'pote', '', NULL, NULL, '', NULL, 0000000001, 2.50, 'A'),
(0000000904, 'Lavavajillas Ayudín 600 g', 'pote', '', NULL, NULL, '', NULL, 0000000001, 4.60, 'A'),
(0000000905, 'Lavavajillas Ayudín 900 g', 'pote', '', NULL, NULL, '', NULL, 0000000001, 7.00, 'A'),
(0000000906, 'Lavavajillas Lava 1 Kg', 'pote', '', NULL, NULL, '', NULL, 0000000001, 7.20, 'A'),
(0000000907, 'Lavavajillas Ayudín Líquido 300 ml', 'botella', '', NULL, NULL, '', NULL, 0000000001, 5.50, 'A'),
(0000000908, 'Sacagrasa Mr Músculo Advance 500 ml', 'sachet', '', NULL, NULL, '', NULL, 0000000001, 4.90, 'A'),
(0000000909, 'Lejía Clorox Total 345 g', 'botella', '', NULL, NULL, '', NULL, 0000000001, 1.00, 'A'),
(0000000910, 'Lejía Clorox Ropa Blancos Intensos 264 ml', 'botella', '', NULL, NULL, '', NULL, 0000000001, 1.20, 'A'),
(0000000911, 'Lejía Clorox Ropa Poder Dual Colores 264 ml', 'botella', '', NULL, NULL, '', NULL, 0000000001, 1.90, 'A'),
(0000000912, 'Lejía Patito 308 g', 'botella', '', NULL, NULL, '', NULL, 0000000001, 0.60, 'A'),
(0000000913, 'Lejía Clorox Power Gel 292 ml', 'botella', '', NULL, NULL, '', NULL, 0000000001, 1.50, 'A'),
(0000000914, 'Lejía Clorox Power Gel Magia Floral 292 ml', 'botella', '', NULL, NULL, '', NULL, 0000000001, 1.50, 'A'),
(0000000915, 'Lejía Clorox Total 680 g', 'botella', '', NULL, NULL, '', NULL, 0000000001, 1.50, 'A'),
(0000000916, 'Lejía Clorox Ropa Poder Dual Colores 480 ml', 'botella', '', NULL, NULL, '', NULL, 0000000001, 3.00, 'A'),
(0000000917, 'Lejía Patito 615 g', 'botella', '', NULL, NULL, '', NULL, 0000000001, 1.10, 'A'),
(0000000918, 'Desinfectante Sapolio Limpia Todo Floral 250 ', 'botella', '', NULL, NULL, '', NULL, 0000000001, 1.00, 'A'),
(0000000919, 'Desinfectante Sapolio Limpia Todo Limón 250 m', 'botella', '', NULL, NULL, '', NULL, 0000000001, 1.00, 'A'),
(0000000920, 'Desinfectante Sapolio Limpia Todo Lavanda 250', 'botella', '', NULL, NULL, '', NULL, 0000000001, 1.00, 'A'),
(0000000921, 'Desinfectante Sapolio Limpia Todo Manzana 250', 'botella', '', NULL, NULL, '', NULL, 0000000001, 1.00, 'A'),
(0000000922, 'Desinfectante Sapolio Limpia Todo Floral 900 ', 'botella', '', NULL, NULL, '', NULL, 0000000001, 2.80, 'A'),
(0000000923, 'Desinfectante Sapolio Limpia Todo Limón 900 m', 'botella', '', NULL, NULL, '', NULL, 0000000001, 2.80, 'A'),
(0000000924, 'Desinfectante Sapolio Limpia Todo Lavanda 900', 'botella', '', NULL, NULL, '', NULL, 0000000001, 2.80, 'A'),
(0000000925, 'Desinfectante Sapolio Limpia Todo Manzana 900', 'botella', '', NULL, NULL, '', NULL, 0000000001, 2.80, 'A'),
(0000000926, 'Desinfectante Sapolio Limpia Todo Bebe 900 ml', 'botella', '', NULL, NULL, '', NULL, 0000000001, 2.80, 'A'),
(0000000927, 'Desinfectante Poett Limpia Todo Bebe 295 ml', 'botella', '', NULL, NULL, '', NULL, 0000000001, 1.20, 'A'),
(0000000928, 'Desinfectante Poett Limpia Todo Lavanda 295 m', 'botella', '', NULL, NULL, '', NULL, 0000000001, 1.20, 'A'),
(0000000929, 'Desinfectante Poett Limpia Todo Primavera 295', 'botella', '', NULL, NULL, '', NULL, 0000000001, 1.20, 'A'),
(0000000930, 'Desinfectante Poett Limpia Todo solo para ti ', 'botella', '', NULL, NULL, '', NULL, 0000000001, 1.20, 'A'),
(0000000931, 'Desinfectante Poett Limpia Todo Bebe 648 ml', 'botella', '', NULL, NULL, '', NULL, 0000000001, 2.20, 'A'),
(0000000932, 'Desinfectante Poett Limpia Todo Lavanda 648 m', 'botella', '', NULL, NULL, '', NULL, 0000000001, 2.20, 'A'),
(0000000933, 'Desinfectante Poett Limpia Todo Primavera 648', 'botella', '', NULL, NULL, '', NULL, 0000000001, 2.20, 'A'),
(0000000934, 'Desinfectante Poett Limpia Todo solo para ti ', 'botella', '', NULL, NULL, '', NULL, 0000000001, 2.20, 'A'),
(0000000935, 'Desinfectante Pinesol Limpia Todo 267 ml', 'botella', '', NULL, NULL, '', NULL, 0000000001, 1.60, 'A'),
(0000000936, 'Jabon de ropa bolivar bebe 240 gr', 'barra', '', NULL, NULL, '', NULL, 0000000001, 1.90, 'A'),
(0000000937, 'Jabon de ropa bolivar limon 240 gr', 'barra', '', NULL, NULL, '', NULL, 0000000001, 1.90, 'A'),
(0000000938, 'Jabon de ropa bolivar floral 240 gr', 'barra', '', NULL, NULL, '', NULL, 0000000001, 1.90, 'A'),
(0000000939, 'jabon de ropa bolivar antibacterial 240 gr', 'barra', '', NULL, NULL, '', NULL, 0000000001, 1.90, 'A'),
(0000000940, 'Jabon de ropa marsella bebe 240 gr', 'barra', '', NULL, NULL, '', NULL, 0000000001, 1.60, 'A'),
(0000000941, 'Jabon de ropa marsella bebe 240 gr', 'barra', '', NULL, NULL, '', NULL, 0000000001, 1.60, 'A'),
(0000000942, 'Jabon de ropa ace 240 gr', 'barra', '', NULL, NULL, '', NULL, 0000000001, 1.60, 'A'),
(0000000943, 'Jabon de ropa trome –gr', 'barra', '', NULL, NULL, '', NULL, 0000000001, 1.00, 'A'),
(0000000944, 'Limpia vidrios cif 450ml', 'sachet', '', NULL, NULL, '', NULL, 0000000001, 4.00, 'A'),
(0000000945, 'Limpia vidrios sapolio 650 ml', 'spray', '', NULL, NULL, '', NULL, 0000000001, 5.80, 'A'),
(0000000946, 'ceras sapolio pasta 300ml negra', 'sachet', '', NULL, NULL, '', NULL, 0000000001, 3.00, 'A'),
(0000000947, 'ceras sapolio pasta 300ml amarilla', 'sachet', '', NULL, NULL, '', NULL, 0000000001, 3.00, 'A'),
(0000000948, 'ceras sapolio pasta 300ml neutro', 'sachet', '', NULL, NULL, '', NULL, 0000000001, 3.00, 'A'),
(0000000949, 'ceras sapolio pasta 300ml verde', 'sachet', '', NULL, NULL, '', NULL, 0000000001, 3.00, 'A'),
(0000000950, 'ceras sapolio pasta 300ml roja', 'sachet', '', NULL, NULL, '', NULL, 0000000001, 3.00, 'A'),
(0000000951, 'ceras sapolio liquida 300ml negra', 'sachet', '', NULL, NULL, '', NULL, 0000000001, 2.80, 'A'),
(0000000952, 'ceras sapolio liquida 300ml amarilla', 'sachet', '', NULL, NULL, '', NULL, 0000000001, 2.80, 'A'),
(0000000953, 'ceras sapolio liquida 300ml neutro', 'sachet', '', NULL, NULL, '', NULL, 0000000001, 2.80, 'A'),
(0000000954, 'ceras sapolio liquida 300ml verde', 'sachet', '', NULL, NULL, '', NULL, 0000000001, 2.80, 'A'),
(0000000955, 'ceras sapolio liquida 300ml roja', 'sachet', '', NULL, NULL, '', NULL, 0000000001, 2.80, 'A'),
(0000000956, 'ceras emperatriz pasta 300ml negra', 'sachet', '', NULL, NULL, '', NULL, 0000000001, 3.50, 'A'),
(0000000957, 'ceras emperatriz pasta 300ml amarilla', 'sachet', '', NULL, NULL, '', NULL, 0000000001, 3.50, 'A'),
(0000000958, 'ceras emperatriz pasta 300ml neutro', 'sachet', '', NULL, NULL, '', NULL, 0000000001, 3.50, 'A'),
(0000000959, 'ceras emperatriz pasta 300ml verde', 'sachet', '', NULL, NULL, '', NULL, 0000000001, 3.50, 'A'),
(0000000960, 'ceras emperatriz pasta 300ml roja', 'sachet', '', NULL, NULL, '', NULL, 0000000001, 3.50, 'A'),
(0000000961, 'ceras emperatriz liquida 300ml negra', 'sachet', '', NULL, NULL, '', NULL, 0000000001, 3.20, 'A'),
(0000000962, 'ceras emperatriz liquida 300ml amarilla', 'sachet', '', NULL, NULL, '', NULL, 0000000001, 3.20, 'A'),
(0000000963, 'ceras emperatriz liquida 300ml neutro', 'sachet', '', NULL, NULL, '', NULL, 0000000001, 3.20, 'A'),
(0000000964, 'ceras emperatriz liquida 300ml verde', 'sachet', '', NULL, NULL, '', NULL, 0000000001, 3.20, 'A'),
(0000000965, 'ceras emperatriz liquida 300ml roja', 'sachet', '', NULL, NULL, '', NULL, 0000000001, 3.20, 'A'),
(0000000966, 'aromatizadores sapolio 360 ml lavanda silvest', 'spray', '', NULL, NULL, '', NULL, 0000000001, 6.00, 'A'),
(0000000967, 'aromatizadores sapolio 360 ml arullos de bebe', 'spray', '', NULL, NULL, '', NULL, 0000000001, 6.00, 'A'),
(0000000968, 'aromatizadores sapolio 360 ml jardin de rosas', 'spray', '', NULL, NULL, '', NULL, 0000000001, 6.00, 'A'),
(0000000969, 'aromatizadores poett 360 ml bebe', 'spray', '', NULL, NULL, '', NULL, 0000000001, 6.50, 'A'),
(0000000970, 'aromatizadores poett 360 ml espiritu joven', 'spray', '', NULL, NULL, '', NULL, 0000000001, 6.50, 'A'),
(0000000971, 'aromatizadores poett 360 ml bosque de bambú', 'spray', '', NULL, NULL, '', NULL, 0000000001, 6.50, 'A'),
(0000000972, 'aromatizadores glade 360 ml campos de lavanda', 'spray', '', NULL, NULL, '', NULL, 0000000001, 6.50, 'A'),
(0000000973, 'aromatizadores glade 360 ml espiritu potpourr', 'spray', '', NULL, NULL, '', NULL, 0000000001, 6.50, 'A'),
(0000000974, 'aromatizadores glade 360 ml caricias de bebe', 'spray', '', NULL, NULL, '', NULL, 0000000001, 6.50, 'A'),
(0000000975, 'insecticidas sapolio mata arañas 360 ml', 'spray', '', NULL, NULL, '', NULL, 0000000001, 7.20, 'A'),
(0000000976, 'insecticidas sapolio mata pulgas y garrapatas', 'spray', '', NULL, NULL, '', NULL, 0000000001, 7.00, 'A'),
(0000000977, 'insecticidas sapolio mata cucarachas y hormig', 'spray', '', NULL, NULL, '', NULL, 0000000001, 7.00, 'A'),
(0000000978, 'insecticidas sapolio mata moscas y zancudos 3', 'spray', '', NULL, NULL, '', NULL, 0000000001, 7.00, 'A'),
(0000000979, 'insecticidas sapolio mata polillas 360 ml', 'spray', '', NULL, NULL, '', NULL, 0000000001, 7.00, 'A'),
(0000000980, 'insecticidas sapolio mata acaros 360 ml', 'spray', '', NULL, NULL, '', NULL, 0000000001, 11.50, 'A'),
(0000000981, 'insecticidas sapolio mata todo 360 ml', 'spray', '', NULL, NULL, '', NULL, 0000000001, 7.00, 'A'),
(0000000982, 'insecticidas raid mata moscas mosquitos y zan', 'spray', '', NULL, NULL, '', NULL, 0000000001, 10.50, 'A'),
(0000000983, 'insecticidas raid max mata cucarachas y araña', 'spray', '', NULL, NULL, '', NULL, 0000000001, 10.50, 'A'),
(0000000984, 'insecticidas baygon 360 ml', 'spray', '', NULL, NULL, '', NULL, 0000000001, 10.50, 'A'),
(0000000985, 'cif crema limon (oferta + paño) 500 ml', 'Pomo', '', NULL, NULL, '', NULL, 0000000001, 15.50, 'A'),
(0000000986, 'Removedor de manchas vanish 100 ml blanco', 'sachet', '', NULL, NULL, '', NULL, 0000000001, 1.30, 'A'),
(0000000987, 'Removedor de manchas vanish 100 ml color', 'sachet', '', NULL, NULL, '', NULL, 0000000001, 1.20, 'A'),
(0000000988, 'Paño absorbente virutex', 'unidad', '', NULL, NULL, '', NULL, 0000000001, 1.50, 'A'),
(0000000989, 'guantes virutex talla S', 'par', '', NULL, NULL, '', NULL, 0000000001, 4.50, 'A'),
(0000000990, 'guantes virutex talla L', 'par', '', NULL, NULL, '', NULL, 0000000001, 4.50, 'A'),
(0000000991, 'guantes virutex talla M', 'par', '', NULL, NULL, '', NULL, 0000000001, 4.50, 'A'),
(0000000992, 'paño multiusos scoth-brite', 'unidad', '', NULL, NULL, '', NULL, 0000000001, 1.20, 'A'),
(0000000993, 'esponjas scoth-brite- la maquina limpieza pro', 'unidad', '', NULL, NULL, '', NULL, 0000000001, 1.60, 'A'),
(0000000994, 'esponja verde scoth-brite', 'unidad', '', NULL, NULL, '', NULL, 0000000001, 1.50, 'A'),
(0000000995, 'acida harpic-power ultra 750 ml', 'pomo', '', NULL, NULL, '', NULL, 0000000001, 11.00, 'A'),
(0000000996, 'Piqueo Snack 24 g', 'bolsa', '', NULL, NULL, '', NULL, 0000000013, 0.60, 'A'),
(0000000997, 'Piqueo Snack 42 g', 'bolsa', '', NULL, NULL, '', NULL, 0000000013, 1.20, 'A'),
(0000000998, 'chizitos chipy 20 g', 'bolsa', '', NULL, NULL, '', NULL, 0000000013, 0.50, 'A'),
(0000000999, 'doritos chipy 24 g', 'bolsa', '', NULL, NULL, '', NULL, 0000000013, 0.60, 'A'),
(0000001000, 'cheetos chipy 16 g', 'bolsa', '', NULL, NULL, '', NULL, 0000000013, 0.50, 'A'),
(0000001001, 'cheese tris chipy 14 g', 'bolsa', '', NULL, NULL, '', NULL, 0000000013, 0.60, 'A'),
(0000001002, 'tor-tees chipy 30 g', 'bolsa', '', NULL, NULL, '', NULL, 0000000013, 0.60, 'A'),
(0000001003, 'papas lays chipy 38 g', 'bolsa', '', NULL, NULL, '', NULL, 0000000013, 1.20, 'A'),
(0000001004, 'habas karinto 18 g', 'bolsa', '', NULL, NULL, '', NULL, 0000000013, 0.50, 'A'),
(0000001005, 'mani clásico karinto 20 g', 'bolsa', '', NULL, NULL, '', NULL, 0000000013, 0.50, 'A'),
(0000001006, 'mani salado karinto 20 g', 'bolsa', '', NULL, NULL, '', NULL, 0000000013, 0.50, 'A'),
(0000001007, 'mani picante karinto 20 g', 'bolsa', '', NULL, NULL, '', NULL, 0000000013, 0.50, 'A'),
(0000001008, 'mani confitado karinto 20 g', 'bolsa', '', NULL, NULL, '', NULL, 0000000013, 0.50, 'A'),
(0000001009, 'mani clásico karinto 45 g', 'bolsa', '', NULL, NULL, '', NULL, 0000000013, 1.00, 'A'),
(0000001010, 'mani salado karinto 45 g', 'bolsa', '', NULL, NULL, '', NULL, 0000000013, 1.00, 'A'),
(0000001011, 'mani picante karinto 45 g', 'bolsa', '', NULL, NULL, '', NULL, 0000000013, 1.00, 'A'),
(0000001012, 'mani confitado karinto 45 g', 'bolsa', '', NULL, NULL, '', NULL, 0000000013, 1.00, 'A'),
(0000001013, 'los cuates karinto 40 g', 'bolsa', '', NULL, NULL, '', NULL, 0000000013, 0.50, 'A'),
(0000001014, 'los cuates picante 40 g', 'bolsa', '', NULL, NULL, '', NULL, 0000000013, 0.50, 'A'),
(0000001015, 'free papas karinto 20 g', 'bolsa', '', NULL, NULL, '', NULL, 0000000013, 0.50, 'A'),
(0000001016, 'dulci ricas ricas 28 g', 'bolsa', '', NULL, NULL, '', NULL, 0000000013, 0.50, 'A'),
(0000001017, 'papas lays 16 g', 'bolsa', '', NULL, NULL, '', NULL, 0000000013, 0.60, 'A'),
(0000001018, 'nachos picantes ricas 40 g', 'bolsa', '', NULL, NULL, '', NULL, 0000000013, 0.50, 'A'),
(0000001019, 'mini kraps 80 g', 'bolsa', '', NULL, NULL, '', NULL, 0000000013, 1.00, 'A'),
(0000001020, 'sublime power en cubos 51 g', 'bolsa', '', NULL, NULL, '', NULL, 0000000013, 2.50, 'A'),
(0000001021, 'olé olé x 8 40 g', 'bolsa', '', NULL, NULL, '', NULL, 0000000013, 1.00, 'A'),
(0000001022, 'mini ritz 50 g', 'bolsa', '', NULL, NULL, '', NULL, 0000000013, 1.00, 'A'),
(0000001023, 'vela llanas', 'unidad', '', NULL, NULL, '', NULL, 0000000014, 0.30, 'A'),
(0000001024, 'vela misionera 10 h', 'unidad', '', NULL, NULL, '', NULL, 0000000014, 0.50, 'A'),
(0000001025, 'vela misionera 12 h', 'unidad', '', NULL, NULL, '', NULL, 0000000014, 0.70, 'A'),
(0000001026, 'vela misionera 15 h', 'unidad', '', NULL, NULL, '', NULL, 0000000014, 0.90, 'A'),
(0000001027, 'vela misionera 24 h', 'unidad', '', NULL, NULL, '', NULL, 0000000014, 1.60, 'A'),
(0000001028, 'espiral tokay x5', 'caja', '', NULL, NULL, '', NULL, 0000000014, 2.50, 'A');

--
-- Almacen articulo
--
INSERT INTO almacenarticulo (idAlmacenArticulo, idAlmacen, idArticulo, stock, stockMinimo) VALUES
(0000000001, 0000000001, 0000000001, 100, 100),
(0000000002, 0000000001, 0000000002, 100, 100),
(0000000003, 0000000001, 0000000003, 100, 100),
(0000000004, 0000000001, 0000000004, 100, 100),
(0000000005, 0000000001, 0000000005, 100, 100),
(0000000006, 0000000001, 0000000006, 100, 100),
(0000000007, 0000000001, 0000000007, 100, 100),
(0000000008, 0000000001, 0000000008, 100, 100),
(0000000009, 0000000001, 0000000009, 100, 100),
(00000000010, 0000000001, 00000000010, 100, 100),
(00000000011, 0000000001, 00000000011, 100, 100),
(00000000012, 0000000001, 00000000012, 100, 100),
(00000000013, 0000000001, 00000000013, 100, 100),
(00000000014, 0000000001, 00000000014, 100, 100),
(00000000015, 0000000001, 00000000015, 100, 100),
(00000000016, 0000000001, 00000000016, 100, 100),
(00000000017, 0000000001, 00000000017, 100, 100),
(00000000018, 0000000001, 00000000018, 100, 100),
(00000000019, 0000000001, 00000000019, 100, 100),
(00000000020, 0000000001, 00000000020, 100, 100),
(00000000021, 0000000001, 00000000021, 100, 100),
(00000000022, 0000000001, 00000000022, 100, 100),
(00000000023, 0000000001, 00000000023, 100, 100),
(00000000024, 0000000001, 00000000024, 100, 100),
(00000000025, 0000000001, 00000000025, 100, 100),
(00000000026, 0000000001, 00000000026, 100, 100),
(00000000027, 0000000001, 00000000027, 100, 100),
(00000000028, 0000000001, 00000000028, 100, 100),
(00000000029, 0000000001, 00000000029, 100, 100),
(00000000030, 0000000001, 00000000030, 100, 100),
(00000000031, 0000000002, 0000000001, 100, 100),
(00000000032, 0000000002, 0000000002, 100, 100),
(00000000033, 0000000002, 0000000003, 100, 100),
(00000000034, 0000000002, 0000000004, 100, 100),
(00000000035, 0000000002, 0000000005, 100, 100),
(00000000036, 0000000002, 0000000006, 100, 100),
(00000000037, 0000000002, 0000000007, 100, 100),
(00000000038, 0000000002, 0000000008, 100, 100),
(00000000039, 0000000002, 0000000009, 100, 100),
(00000000040, 0000000002, 00000000010, 100, 100),
(00000000041, 0000000002, 00000000011, 100, 100),
(00000000042, 0000000002, 00000000012, 100, 100),
(00000000043, 0000000002, 00000000013, 100, 100),
(00000000044, 0000000002, 00000000014, 100, 100),
(00000000045, 0000000002, 00000000015, 100, 100),
(00000000046, 0000000002, 00000000016, 100, 100),
(00000000047, 0000000002, 00000000017, 100, 100),
(00000000048, 0000000002, 00000000018, 100, 100),
(00000000049, 0000000002, 00000000019, 100, 100),
(00000000050, 0000000002, 00000000020, 100, 100),
(00000000051, 0000000002, 00000000021, 100, 100),
(00000000052, 0000000002, 00000000022, 100, 100),
(00000000053, 0000000002, 00000000023, 100, 100),
(00000000054, 0000000002, 00000000024, 100, 100),
(00000000055, 0000000002, 00000000025, 100, 100),
(00000000056, 0000000002, 00000000026, 100, 100),
(00000000057, 0000000002, 00000000027, 100, 100),
(00000000058, 0000000002, 00000000028, 100, 100),
(00000000059, 0000000002, 00000000029, 100, 100),
(00000000060, 0000000002, 00000000030, 100, 100);

--
-- Tipo Comprobante
--
INSERT INTO tipocomprobante (idTipoComprobante, nombre) VALUES
(0000000001, 'Factura'),
(0000000002, 'Boleta');

--
-- Tipo Movimiento
--
INSERT INTO tipomovimiento (idTipoMovimiento, tipo, nombre) VALUES
(0000000001, 'T', 'Transferencia'),
(0000000002, 'I', 'Cargo por Ajuste'),
(0000000003, 'I', 'Cargo por Bonificación'),
(0000000004, 'E', 'Descargo por avería'),
(0000000005, 'I', 'Cargo por Compra'),
(0000000006, 'E', 'Descargo por Robo'),
(0000000007, 'E', 'Descargo por Pérdida'),
(0000000008, 'E', 'Descargo por Vencimiento'),
(0000000009, 'E', 'Descargo por venta'),
(0000000010, 'A', 'Anulacion');


--
-- Tipo Movimiento Caja
--
INSERT INTO tipomovimientocaja (idTipoMovimientoCaja, descripcion, tipo) VALUES
(0000000001, 'Egreso pago de servicios', 'E'),
(0000000002, 'Ingreso por Venta', 'I'),
(0000000003, 'Egreso por compra', 'E'),
(0000000004, 'Ingreso Anulacion', 'I'),
(0000000005, 'Egreso Anulacion', 'E'),
(0000000006, 'Anulacion', 'A');

--
-- Serie
--
INSERT INTO serie (idSerie, idTipoComprobante, nombre) VALUES
(0000000001, 0000000001, '001'),
(0000000002, 0000000002, '002');

--
-- Cliente
--
INSERT INTO cliente (idCliente, nombre, dni) VALUES
(0000000001, 'edder sanchez baca', '10234567'),
(0000000002, 'paulo torres gaviño', '47455489');

--
-- Proveedor
--select * from proveedor
INSERT INTO proveedor (nombre, preventa, mercaderista, direccion, telefono, descripcion) VALUES
('Backus', '', '', '', '', ''),
('Gloria', '', '', '', '', '');

--
-- Tipo usuario
--
INSERT INTO tipousuario (idtipoUsuario, nombre, p_movimiento, p_venta, p_comprobante, p_ordenCompra, p_compra, p_detalleMovimientoCaja) VALUES
(0000000001, 'Administrador', 15, 15, 15, 15, 15, 15);

--
-- Usuario
--
INSERT INTO usuario (idusuario, idTipoUsuario, nombre, usuario, password) VALUES
(0000000001, 0000000001, 'Edder Sanchez', 'esanchez', 'e10adc3949ba59abbe56e057f20f883e');